BTC-USDT,2019-09-09,10307
BTC-USDT,2019-09-10,10102.02
BTC-USDT,2019-09-11,10159.55
BTC-USDT,2019-09-12,10415.13
BTC-USDT,2019-09-13,10341.34
BTC-USDT,2019-09-14,10332.25
BTC-USDT,2019-09-15,10302.22
BTC-USDT,2019-09-16,10249.27
BTC-USDT,2019-09-17,10186.52
BTC-USDT,2019-09-18,10155.16
BTC-USDT,2019-09-19,10245.3
BTC-USDT,2019-09-20,10166.35
BTC-USDT,2019-09-21,9983.33
BTC-USDT,2019-09-22,10023.04
BTC-USDT,2019-09-23,9701.96
BTC-USDT,2019-09-24,8495.83
BTC-USDT,2019-09-25,8430.07
BTC-USDT,2019-09-26,8060.15
BTC-USDT,2019-09-27,8176.52
BTC-USDT,2019-09-28,8195.38
BTC-USDT,2019-09-29,8041.96
BTC-USDT,2019-09-30,8285.84
BTC-USDT,2019-10-01,8290
BTC-USDT,2019-10-02,8352.14
BTC-USDT,2019-10-03,8220.27
BTC-USDT,2019-10-04,8130.56
BTC-USDT,2019-10-05,8122.14
BTC-USDT,2019-10-06,7852.79
BTC-USDT,2019-10-07,8186.88
BTC-USDT,2019-10-08,8167.62
BTC-USDT,2019-10-09,8559.77
BTC-USDT,2019-10-10,8556.02
BTC-USDT,2019-10-11,8255.58
BTC-USDT,2019-10-12,8300.22
BTC-USDT,2019-10-13,8274.66
BTC-USDT,2019-10-14,8346.05
BTC-USDT,2019-10-15,8160.01
BTC-USDT,2019-10-16,7992.21
BTC-USDT,2019-10-17,8069.2
BTC-USDT,2019-10-18,7943.94
BTC-USDT,2019-10-19,7947.13
BTC-USDT,2019-10-20,8218.23
BTC-USDT,2019-10-21,8201.74
BTC-USDT,2019-10-22,8020.89
BTC-USDT,2019-10-23,7465
BTC-USDT,2019-10-24,7411.35
BTC-USDT,2019-10-25,8650
BTC-USDT,2019-10-26,9232.22
BTC-USDT,2019-10-27,9533.32
BTC-USDT,2019-10-28,9217.36
BTC-USDT,2019-10-29,9415.02
BTC-USDT,2019-10-30,9165.3
BTC-USDT,2019-10-31,9150
BTC-USDT,2019-11-01,9231.01
BTC-USDT,2019-11-02,9287.8
BTC-USDT,2019-11-03,9197.88
BTC-USDT,2019-11-04,9395.46
BTC-USDT,2019-11-05,9313.2
BTC-USDT,2019-11-06,9343.6
BTC-USDT,2019-11-07,9219.64
BTC-USDT,2019-11-08,8775.03
BTC-USDT,2019-11-09,8811.15
BTC-USDT,2019-11-10,9041.31
BTC-USDT,2019-11-11,8728.93
BTC-USDT,2019-11-12,8817
BTC-USDT,2019-11-13,8774.76
BTC-USDT,2019-11-14,8642.25
BTC-USDT,2019-11-15,8473.27
BTC-USDT,2019-11-16,8491.06
BTC-USDT,2019-11-17,8504.04
BTC-USDT,2019-11-18,8183.26
BTC-USDT,2019-11-19,8131.7
BTC-USDT,2019-11-20,8094.05
BTC-USDT,2019-11-21,7621.9
BTC-USDT,2019-11-22,7262.72
BTC-USDT,2019-11-23,7305.99
BTC-USDT,2019-11-24,6900.86
BTC-USDT,2019-11-25,7102.03
BTC-USDT,2019-11-26,7150
BTC-USDT,2019-11-27,7506.77
BTC-USDT,2019-11-28,7415.79
BTC-USDT,2019-11-29,7736.66
BTC-USDT,2019-11-30,7542.93
BTC-USDT,2019-12-01,7387.38
BTC-USDT,2019-12-02,7291
BTC-USDT,2019-12-03,7290.86
BTC-USDT,2019-12-04,7191
BTC-USDT,2019-12-05,7384.99
BTC-USDT,2019-12-06,7522.1
BTC-USDT,2019-12-07,7487.2
BTC-USDT,2019-12-08,7508.2
BTC-USDT,2019-12-09,7337.49
BTC-USDT,2019-12-10,7220.98
BTC-USDT,2019-12-11,7205.77
BTC-USDT,2019-12-12,7194.77
BTC-USDT,2019-12-13,7252.98
BTC-USDT,2019-12-14,7061.34
BTC-USDT,2019-12-15,7115
BTC-USDT,2019-12-16,6887.54
BTC-USDT,2019-12-17,6618.96
BTC-USDT,2019-12-18,7277.44
BTC-USDT,2019-12-19,7146.29
BTC-USDT,2019-12-20,7184.39
BTC-USDT,2019-12-21,7131.01
BTC-USDT,2019-12-22,7502.92
BTC-USDT,2019-12-23,7314.01
BTC-USDT,2019-12-24,7252.04
BTC-USDT,2019-12-25,7201.45
BTC-USDT,2019-12-26,7197.46
BTC-USDT,2019-12-27,7248.4
BTC-USDT,2019-12-28,7311.48
BTC-USDT,2019-12-29,7383.67
BTC-USDT,2019-12-30,7240.43
BTC-USDT,2019-12-31,7189
BTC-USDT,2020-01-01,7197.57
BTC-USDT,2020-01-02,6962.04
BTC-USDT,2020-01-03,7341.72
BTC-USDT,2020-01-04,7350.71
BTC-USDT,2020-01-05,7354.36
BTC-USDT,2020-01-06,7757.39
BTC-USDT,2020-01-07,8152.49
BTC-USDT,2020-01-08,8059.84
BTC-USDT,2020-01-09,7818.59
BTC-USDT,2020-01-10,8207.09
BTC-USDT,2020-01-11,8020.56
BTC-USDT,2020-01-12,8186.7
BTC-USDT,2020-01-13,8113
BTC-USDT,2020-01-14,8825
BTC-USDT,2020-01-15,8825.3
BTC-USDT,2020-01-16,8725.08
BTC-USDT,2020-01-17,8918.72
BTC-USDT,2020-01-18,8925
BTC-USDT,2020-01-19,8705.85
BTC-USDT,2020-01-20,8650
BTC-USDT,2020-01-21,8742.43
BTC-USDT,2020-01-22,8684.57
BTC-USDT,2020-01-23,8409.6
BTC-USDT,2020-01-24,8441.96
BTC-USDT,2020-01-25,8344.64
BTC-USDT,2020-01-26,8611.21
BTC-USDT,2020-01-27,8913.61
BTC-USDT,2020-01-28,9398.98
BTC-USDT,2020-01-29,9311
BTC-USDT,2020-01-30,9525.67
BTC-USDT,2020-01-31,9364.51
BTC-USDT,2020-02-01,9392.74
BTC-USDT,2020-02-02,9338.2
BTC-USDT,2020-02-03,9300.64
BTC-USDT,2020-02-04,9198.35
BTC-USDT,2020-02-05,9630
BTC-USDT,2020-02-06,9778.12
BTC-USDT,2020-02-07,9821.52
BTC-USDT,2020-02-08,9906.43
BTC-USDT,2020-02-09,10167.38
BTC-USDT,2020-02-10,9865.56
BTC-USDT,2020-02-11,10229.06
BTC-USDT,2020-02-12,10339.99
BTC-USDT,2020-02-13,10239.63
BTC-USDT,2020-02-14,10356.82
BTC-USDT,2020-02-15,9914.99
BTC-USDT,2020-02-16,9921.86
BTC-USDT,2020-02-17,9716
BTC-USDT,2020-02-18,10174.32
BTC-USDT,2020-02-19,9593.65
BTC-USDT,2020-02-20,9601.99
BTC-USDT,2020-02-21,9681.39
BTC-USDT,2020-02-22,9659.2
BTC-USDT,2020-02-23,9943.12
BTC-USDT,2020-02-24,9662.95
BTC-USDT,2020-02-25,9326
BTC-USDT,2020-02-26,8792.22
BTC-USDT,2020-02-27,8828
BTC-USDT,2020-02-28,8699.57
BTC-USDT,2020-02-29,8531.98
BTC-USDT,2020-03-01,8537.84
BTC-USDT,2020-03-02,8919.7
BTC-USDT,2020-03-03,8765
BTC-USDT,2020-03-04,8756.93
BTC-USDT,2020-03-05,9062.81
BTC-USDT,2020-03-06,9139.48
BTC-USDT,2020-03-07,8897.18
BTC-USDT,2020-03-08,8038.46
BTC-USDT,2020-03-09,7932.15
BTC-USDT,2020-03-10,7897.66
BTC-USDT,2020-03-11,7938.39
BTC-USDT,2020-03-12,4764.65
BTC-USDT,2020-03-13,5570.26
BTC-USDT,2020-03-14,5167.01
BTC-USDT,2020-03-15,5357.32
BTC-USDT,2020-03-16,5026.26
BTC-USDT,2020-03-17,5307.38
BTC-USDT,2020-03-18,5389.64
BTC-USDT,2020-03-19,6159.6
BTC-USDT,2020-03-20,6203.77
BTC-USDT,2020-03-21,6183.69
BTC-USDT,2020-03-22,5810.17
BTC-USDT,2020-03-23,6463.84
BTC-USDT,2020-03-24,6741.33
BTC-USDT,2020-03-25,6673.41
BTC-USDT,2020-03-26,6733.76
BTC-USDT,2020-03-27,6353.64
BTC-USDT,2020-03-28,6230.95
BTC-USDT,2020-03-29,5876.27
BTC-USDT,2020-03-30,6391.08
BTC-USDT,2020-03-31,6407.1
BTC-USDT,2020-04-01,6641.51
BTC-USDT,2020-04-02,6791.63
BTC-USDT,2020-04-03,6729.8
BTC-USDT,2020-04-04,6851.1
BTC-USDT,2020-04-05,6768.9
BTC-USDT,2020-04-06,7325.73
BTC-USDT,2020-04-07,7192.9
BTC-USDT,2020-04-08,7357.66
BTC-USDT,2020-04-09,7278.65
BTC-USDT,2020-04-10,6857.82
BTC-USDT,2020-04-11,6874.18
BTC-USDT,2020-04-12,6900.52
BTC-USDT,2020-04-13,6834
BTC-USDT,2020-04-14,6864.11
BTC-USDT,2020-04-15,6616.89
BTC-USDT,2020-04-16,7098.15
BTC-USDT,2020-04-17,7022.44
BTC-USDT,2020-04-18,7242.42
BTC-USDT,2020-04-19,7118.03
BTC-USDT,2020-04-20,6825.29
BTC-USDT,2020-04-21,6838
BTC-USDT,2020-04-22,7120.06
BTC-USDT,2020-04-23,7483.35
BTC-USDT,2020-04-24,7504.11
BTC-USDT,2020-04-25,7534.01
BTC-USDT,2020-04-26,7694.17
BTC-USDT,2020-04-27,7774
BTC-USDT,2020-04-28,7735.75
BTC-USDT,2020-04-29,8784.2
BTC-USDT,2020-04-30,8624.76
BTC-USDT,2020-05-01,8830.52
BTC-USDT,2020-05-02,8975.18
BTC-USDT,2020-05-03,8900
BTC-USDT,2020-05-04,8873.98
BTC-USDT,2020-05-05,9022.78
BTC-USDT,2020-05-06,9148.27
BTC-USDT,2020-05-07,9995
BTC-USDT,2020-05-08,9807.49
BTC-USDT,2020-05-09,9550.67
BTC-USDT,2020-05-10,8719.53
BTC-USDT,2020-05-11,8561.09
BTC-USDT,2020-05-12,8808.71
BTC-USDT,2020-05-13,9305.91
BTC-USDT,2020-05-14,9786.8
BTC-USDT,2020-05-15,9310.73
BTC-USDT,2020-05-16,9374.99
BTC-USDT,2020-05-17,9678.57
BTC-USDT,2020-05-18,9731.1
BTC-USDT,2020-05-19,9773.64
BTC-USDT,2020-05-20,9508.11
BTC-USDT,2020-05-21,9060
BTC-USDT,2020-05-22,9166.4
BTC-USDT,2020-05-23,9176.41
BTC-USDT,2020-05-24,8711.37
BTC-USDT,2020-05-25,8895.65
BTC-USDT,2020-05-26,8837.05
BTC-USDT,2020-05-27,9197.32
BTC-USDT,2020-05-28,9569.59
BTC-USDT,2020-05-29,9422.26
BTC-USDT,2020-05-30,9695
BTC-USDT,2020-05-31,9446.43
BTC-USDT,2020-06-01,10232.48
BTC-USDT,2020-06-02,9514.9
BTC-USDT,2020-06-03,9663.59
BTC-USDT,2020-06-04,9788.33
BTC-USDT,2020-06-05,9617.29
BTC-USDT,2020-06-06,9664
BTC-USDT,2020-06-07,9743.92
BTC-USDT,2020-06-08,9778.87
BTC-USDT,2020-06-09,9771.66
BTC-USDT,2020-06-10,9884.99
BTC-USDT,2020-06-11,9278.03
BTC-USDT,2020-06-12,9458.91
BTC-USDT,2020-06-13,9468.54
BTC-USDT,2020-06-14,9339.61
BTC-USDT,2020-06-15,9422.01
BTC-USDT,2020-06-16,9519.12
BTC-USDT,2020-06-17,9458.45
BTC-USDT,2020-06-18,9381.59
BTC-USDT,2020-06-19,9307
BTC-USDT,2020-06-20,9354.04
BTC-USDT,2020-06-21,9293.51
BTC-USDT,2020-06-22,9686.99
BTC-USDT,2020-06-23,9631.66
BTC-USDT,2020-06-24,9298.4
BTC-USDT,2020-06-25,9246.75
BTC-USDT,2020-06-26,9159.99
BTC-USDT,2020-06-27,9008
BTC-USDT,2020-06-28,9114
BTC-USDT,2020-06-29,9189.48
BTC-USDT,2020-06-30,9138.87
BTC-USDT,2020-07-01,9233.29
BTC-USDT,2020-07-02,9087.72
BTC-USDT,2020-07-03,9057.52
BTC-USDT,2020-07-04,9137.18
BTC-USDT,2020-07-05,9071.86
BTC-USDT,2020-07-06,9339.6
BTC-USDT,2020-07-07,9258.51
BTC-USDT,2020-07-08,9436.08
BTC-USDT,2020-07-09,9236.28
BTC-USDT,2020-07-10,9288.39
BTC-USDT,2020-07-11,9233.5
BTC-USDT,2020-07-12,9300.69
BTC-USDT,2020-07-13,9241.2
BTC-USDT,2020-07-14,9254.17
BTC-USDT,2020-07-15,9197.3
BTC-USDT,2020-07-16,9132
BTC-USDT,2020-07-17,9151.69
BTC-USDT,2020-07-18,9171.8
BTC-USDT,2020-07-19,9210.51
BTC-USDT,2020-07-20,9161.13
BTC-USDT,2020-07-21,9388.01
BTC-USDT,2020-07-22,9518.25
BTC-USDT,2020-07-23,9604.41
BTC-USDT,2020-07-24,9539.7
BTC-USDT,2020-07-25,9701.49
BTC-USDT,2020-07-26,9939.69
BTC-USDT,2020-07-27,11047.58
BTC-USDT,2020-07-28,10919.94
BTC-USDT,2020-07-29,11113.03
BTC-USDT,2020-07-30,11111.96
BTC-USDT,2020-07-31,11343.68
BTC-USDT,2020-08-01,11811.42
BTC-USDT,2020-08-02,11079.72
BTC-USDT,2020-08-03,11227.07
BTC-USDT,2020-08-04,11200.05
BTC-USDT,2020-08-05,11752.5
BTC-USDT,2020-08-06,11770.56
BTC-USDT,2020-08-07,11596.06
BTC-USDT,2020-08-08,11765.72
BTC-USDT,2020-08-09,11685.99
BTC-USDT,2020-08-10,11896.89
BTC-USDT,2020-08-11,11392.64
BTC-USDT,2020-08-12,11568.36
BTC-USDT,2020-08-13,11790
BTC-USDT,2020-08-14,11767.89
BTC-USDT,2020-08-15,11859.04
BTC-USDT,2020-08-16,11921.23
BTC-USDT,2020-08-17,12298.06
BTC-USDT,2020-08-18,11960.79
BTC-USDT,2020-08-19,11763.87
BTC-USDT,2020-08-20,11857.92
BTC-USDT,2020-08-21,11538.53
BTC-USDT,2020-08-22,11670.47
BTC-USDT,2020-08-23,11654
BTC-USDT,2020-08-24,11753.3
BTC-USDT,2020-08-25,11327.17
BTC-USDT,2020-08-26,11466.22
BTC-USDT,2020-08-27,11335.53
BTC-USDT,2020-08-28,11526.85
BTC-USDT,2020-08-29,11466.66
BTC-USDT,2020-08-30,11714.14
BTC-USDT,2020-08-31,11658.11
BTC-USDT,2020-09-01,11930.18
BTC-USDT,2020-09-02,11396.96
BTC-USDT,2020-09-03,10141.08
BTC-USDT,2020-09-04,10448
BTC-USDT,2020-09-05,10168.71
BTC-USDT,2020-09-06,10258.13
BTC-USDT,2020-09-07,10378.76
BTC-USDT,2020-09-08,10129.02
BTC-USDT,2020-09-09,10219.29
BTC-USDT,2020-09-10,10335.91
BTC-USDT,2020-09-11,10387.81
BTC-USDT,2020-09-12,10438.28
BTC-USDT,2020-09-13,10327.72
BTC-USDT,2020-09-14,10664.1
BTC-USDT,2020-09-15,10776.78
BTC-USDT,2020-09-16,10948.17
BTC-USDT,2020-09-17,10935.33
BTC-USDT,2020-09-18,10926.29
BTC-USDT,2020-09-19,11073.74
BTC-USDT,2020-09-20,10914.28
BTC-USDT,2020-09-21,10414.73
BTC-USDT,2020-09-22,10523.32
BTC-USDT,2020-09-23,10237.91
BTC-USDT,2020-09-24,10724.92
BTC-USDT,2020-09-25,10683.51
BTC-USDT,2020-09-26,10726.5
BTC-USDT,2020-09-27,10768
BTC-USDT,2020-09-28,10691.45
BTC-USDT,2020-09-29,10836.98
BTC-USDT,2020-09-30,10773
BTC-USDT,2020-10-01,10612.63
BTC-USDT,2020-10-02,10565.15
BTC-USDT,2020-10-03,10537.96
BTC-USDT,2020-10-04,10660.16
BTC-USDT,2020-10-05,10785
BTC-USDT,2020-10-06,10593.65
BTC-USDT,2020-10-07,10658.75
BTC-USDT,2020-10-08,10919.45
BTC-USDT,2020-10-09,11050.47
BTC-USDT,2020-10-10,11294.79
BTC-USDT,2020-10-11,11369.59
BTC-USDT,2020-10-12,11530.36
BTC-USDT,2020-10-13,11419.36
BTC-USDT,2020-10-14,11417.13
BTC-USDT,2020-10-15,11502
BTC-USDT,2020-10-16,11318.92
BTC-USDT,2020-10-17,11356.25
BTC-USDT,2020-10-18,11501.1
BTC-USDT,2020-10-19,11745
BTC-USDT,2020-10-20,11900.03
BTC-USDT,2020-10-21,12796.07
BTC-USDT,2020-10-22,12968.87
BTC-USDT,2020-10-23,12925.82
BTC-USDT,2020-10-24,13110.88
BTC-USDT,2020-10-25,13023.81
BTC-USDT,2020-10-26,13047.24
BTC-USDT,2020-10-27,13629.38
BTC-USDT,2020-10-28,13256.17
BTC-USDT,2020-10-29,13446.65
BTC-USDT,2020-10-30,13549.12
BTC-USDT,2020-10-31,13783.73
BTC-USDT,2020-11-01,13752.86
BTC-USDT,2020-11-02,13540.54
BTC-USDT,2020-11-03,14016.55
BTC-USDT,2020-11-04,14134.31
BTC-USDT,2020-11-05,15598.75
BTC-USDT,2020-11-06,15590.96
BTC-USDT,2020-11-07,14824.34
BTC-USDT,2020-11-08,15473.2
BTC-USDT,2020-11-09,15328.72
BTC-USDT,2020-11-10,15294.68
BTC-USDT,2020-11-11,15690.24
BTC-USDT,2020-11-12,16289.02
BTC-USDT,2020-11-13,16320.54
BTC-USDT,2020-11-14,16064.51
BTC-USDT,2020-11-15,15952.27
BTC-USDT,2020-11-16,16707.07
BTC-USDT,2020-11-17,17670.01
BTC-USDT,2020-11-18,17788.32
BTC-USDT,2020-11-19,17811.68
BTC-USDT,2020-11-20,18664.31
BTC-USDT,2020-11-21,18721.99
BTC-USDT,2020-11-22,18435.2
BTC-USDT,2020-11-23,18382.07
BTC-USDT,2020-11-24,19179.64
BTC-USDT,2020-11-25,18741.67
BTC-USDT,2020-11-26,17155.34
BTC-USDT,2020-11-27,17144.1
BTC-USDT,2020-11-28,17717.74
BTC-USDT,2020-11-29,18181.09
BTC-USDT,2020-11-30,19720
BTC-USDT,2020-12-01,18772.7
BTC-USDT,2020-12-02,19207.01
BTC-USDT,2020-12-03,19434.3
BTC-USDT,2020-12-04,18664.2
BTC-USDT,2020-12-05,19147.62
BTC-USDT,2020-12-06,19375.02
BTC-USDT,2020-12-07,19172.88
BTC-USDT,2020-12-08,18319.32
BTC-USDT,2020-12-09,18537.98
BTC-USDT,2020-12-10,18253.51
BTC-USDT,2020-12-11,18031.47
BTC-USDT,2020-12-12,18800
BTC-USDT,2020-12-13,19175.07
BTC-USDT,2020-12-14,19270.7
BTC-USDT,2020-12-15,19424.91
BTC-USDT,2020-12-16,21346.8
BTC-USDT,2020-12-17,22816.99
BTC-USDT,2020-12-18,23124.35
BTC-USDT,2020-12-19,23847.28
BTC-USDT,2020-12-20,23472.96
BTC-USDT,2020-12-21,22730.1
BTC-USDT,2020-12-22,23826.99
BTC-USDT,2020-12-23,23238.27
BTC-USDT,2020-12-24,23737.44
BTC-USDT,2020-12-25,24730
BTC-USDT,2020-12-26,26508.83
BTC-USDT,2020-12-27,26305.64
BTC-USDT,2020-12-28,27102.66
BTC-USDT,2020-12-29,27402.83
BTC-USDT,2020-12-30,28906.99
BTC-USDT,2020-12-31,28951.68
BTC-USDT,2021-01-01,29337.16
BTC-USDT,2021-01-02,32199.91
BTC-USDT,2021-01-03,33054.53
BTC-USDT,2021-01-04,32031.07
BTC-USDT,2021-01-05,33999.52
BTC-USDT,2021-01-06,36823.68
BTC-USDT,2021-01-07,39498.92
BTC-USDT,2021-01-08,40637.23
BTC-USDT,2021-01-09,40136.04
BTC-USDT,2021-01-10,38221.67
BTC-USDT,2021-01-11,35408.46
BTC-USDT,2021-01-12,34056.9
BTC-USDT,2021-01-13,37421.07
BTC-USDT,2021-01-14,39163.31
BTC-USDT,2021-01-15,36755.24
BTC-USDT,2021-01-16,36025.66
BTC-USDT,2021-01-17,35869.83
BTC-USDT,2021-01-18,36686.86
BTC-USDT,2021-01-19,35891.03
BTC-USDT,2021-01-20,35500
BTC-USDT,2021-01-21,30879.97
BTC-USDT,2021-01-22,32986.34
BTC-USDT,2021-01-23,32086.48
BTC-USDT,2021-01-24,32275.63
BTC-USDT,2021-01-25,32253.68
BTC-USDT,2021-01-26,32474.14
BTC-USDT,2021-01-27,30381.04
BTC-USDT,2021-01-28,33399.75
BTC-USDT,2021-01-29,34269.35
BTC-USDT,2021-01-30,34289.85
BTC-USDT,2021-01-31,33126.21
BTC-USDT,2021-02-01,33546.09
BTC-USDT,2021-02-02,35504.06
BTC-USDT,2021-02-03,37652.51
BTC-USDT,2021-02-04,36976.93
BTC-USDT,2021-02-05,38362.65
BTC-USDT,2021-02-06,39249.54
BTC-USDT,2021-02-07,38849.25
BTC-USDT,2021-02-08,46451.32
BTC-USDT,2021-02-09,46492.54
BTC-USDT,2021-02-10,44850
BTC-USDT,2021-02-11,48060.21
BTC-USDT,2021-02-12,47361.03
BTC-USDT,2021-02-13,47221.62
BTC-USDT,2021-02-14,48655.21
BTC-USDT,2021-02-15,47981.58
BTC-USDT,2021-02-16,49197.94
BTC-USDT,2021-02-17,52194.62
BTC-USDT,2021-02-18,51619.7
BTC-USDT,2021-02-19,56004.1
BTC-USDT,2021-02-20,55917.41
BTC-USDT,2021-02-21,57487.43
BTC-USDT,2021-02-22,54121.1
BTC-USDT,2021-02-23,48930
BTC-USDT,2021-02-24,49702.03
BTC-USDT,2021-02-25,47089.37
BTC-USDT,2021-02-26,46313.13
BTC-USDT,2021-02-27,46102.63
BTC-USDT,2021-02-28,45163.36
BTC-USDT,2021-03-01,49592.7
BTC-USDT,2021-03-02,48450.57
BTC-USDT,2021-03-03,50373.75
BTC-USDT,2021-03-04,48385.77
BTC-USDT,2021-03-05,48770.57
BTC-USDT,2021-03-06,48908.21
BTC-USDT,2021-03-07,50995.27
BTC-USDT,2021-03-08,52429.43
BTC-USDT,2021-03-09,54917.78
BTC-USDT,2021-03-10,55947.98
BTC-USDT,2021-03-11,57844.52
BTC-USDT,2021-03-12,57291.03
BTC-USDT,2021-03-13,61267.41
BTC-USDT,2021-03-14,59037.12
BTC-USDT,2021-03-15,55646.61
BTC-USDT,2021-03-16,56954.19
BTC-USDT,2021-03-17,58959
BTC-USDT,2021-03-18,57700.01
BTC-USDT,2021-03-19,58089.11
BTC-USDT,2021-03-20,58145.61
BTC-USDT,2021-03-21,57415.18
BTC-USDT,2021-03-22,54129.56
BTC-USDT,2021-03-23,54400
BTC-USDT,2021-03-24,52311.54
BTC-USDT,2021-03-25,51325.21
BTC-USDT,2021-03-26,55030
BTC-USDT,2021-03-27,55828
BTC-USDT,2021-03-28,55805.08
BTC-USDT,2021-03-29,57677.64
BTC-USDT,2021-03-30,58794.16
BTC-USDT,2021-03-31,58807.24
BTC-USDT,2021-04-01,58794.01
BTC-USDT,2021-04-02,59031.36
BTC-USDT,2021-04-03,57134.65
BTC-USDT,2021-04-04,58234.61
BTC-USDT,2021-04-05,59243.39
BTC-USDT,2021-04-06,58059.99
BTC-USDT,2021-04-07,56018.18
BTC-USDT,2021-04-08,58122.26
BTC-USDT,2021-04-09,58176.03
BTC-USDT,2021-04-10,59832.43
BTC-USDT,2021-04-11,60090.2
BTC-USDT,2021-04-12,59911.18
BTC-USDT,2021-04-13,63649.71
BTC-USDT,2021-04-14,63019.1
BTC-USDT,2021-04-15,63232.55
BTC-USDT,2021-04-16,61424.67
BTC-USDT,2021-04-17,60090.14
BTC-USDT,2021-04-18,56140.05
BTC-USDT,2021-04-19,55634.39
BTC-USDT,2021-04-20,56410.56
BTC-USDT,2021-04-21,53800
BTC-USDT,2021-04-22,51714.61
BTC-USDT,2021-04-23,51122.62
BTC-USDT,2021-04-24,50092.4
BTC-USDT,2021-04-25,49063.94
BTC-USDT,2021-04-26,53984.33
BTC-USDT,2021-04-27,55006.25
BTC-USDT,2021-04-28,54861.77
BTC-USDT,2021-04-29,53558.8
BTC-USDT,2021-04-30,57684.16
BTC-USDT,2021-05-01,57836.34
BTC-USDT,2021-05-02,56630.33
BTC-USDT,2021-05-03,57214.83
BTC-USDT,2021-05-04,53263.32
BTC-USDT,2021-05-05,57497.77
BTC-USDT,2021-05-06,56435.35
BTC-USDT,2021-05-07,57350.88
BTC-USDT,2021-05-08,58924.98
BTC-USDT,2021-05-09,58292.53
BTC-USDT,2021-05-10,55869.67
BTC-USDT,2021-05-11,56710.43
BTC-USDT,2021-05-12,49595.76
BTC-USDT,2021-05-13,49707.9
BTC-USDT,2021-05-14,49873.27
BTC-USDT,2021-05-15,46793.41
BTC-USDT,2021-05-16,46429.28
BTC-USDT,2021-05-17,43566.18
BTC-USDT,2021-05-18,42882.53
BTC-USDT,2021-05-19,36689.14
BTC-USDT,2021-05-20,40500.3
BTC-USDT,2021-05-21,37211.02
BTC-USDT,2021-05-22,37432.58
BTC-USDT,2021-05-23,34651.6
BTC-USDT,2021-05-24,38779.66
BTC-USDT,2021-05-25,38326.84
BTC-USDT,2021-05-26,39224.2
BTC-USDT,2021-05-27,38527.38
BTC-USDT,2021-05-28,35670.99
BTC-USDT,2021-05-29,34611.94
BTC-USDT,2021-05-30,35651.81
BTC-USDT,2021-05-31,37243.38
BTC-USDT,2021-06-01,36693.41
BTC-USDT,2021-06-02,37569.99
BTC-USDT,2021-06-03,39247.4
BTC-USDT,2021-06-04,36828.03
BTC-USDT,2021-06-05,35498.62
BTC-USDT,2021-06-06,35801.71
BTC-USDT,2021-06-07,33550.96
BTC-USDT,2021-06-08,33372.58
BTC-USDT,2021-06-09,37368.45
BTC-USDT,2021-06-10,36669.66
BTC-USDT,2021-06-11,37300.42
BTC-USDT,2021-06-12,35537.05
BTC-USDT,2021-06-13,38993.65
BTC-USDT,2021-06-14,40489.1
BTC-USDT,2021-06-15,40132.86
BTC-USDT,2021-06-16,38344.97
BTC-USDT,2021-06-17,38060.71
BTC-USDT,2021-06-18,35811.41
BTC-USDT,2021-06-19,35483
BTC-USDT,2021-06-20,35588.64
BTC-USDT,2021-06-21,31606
BTC-USDT,2021-06-22,32496
BTC-USDT,2021-06-23,33649
BTC-USDT,2021-06-24,34644.64
BTC-USDT,2021-06-25,31568.07
BTC-USDT,2021-06-26,32255.56
BTC-USDT,2021-06-27,34687.71
BTC-USDT,2021-06-28,34487.22
BTC-USDT,2021-06-29,35911.26
BTC-USDT,2021-06-30,35031.39
BTC-USDT,2021-07-01,33489.96
BTC-USDT,2021-07-02,33760.94
BTC-USDT,2021-07-03,34652.94
BTC-USDT,2021-07-04,35280.16
BTC-USDT,2021-07-05,33672.72
BTC-USDT,2021-07-06,34206.01
BTC-USDT,2021-07-07,33845.64
BTC-USDT,2021-07-08,32852.04
BTC-USDT,2021-07-09,33805.01
BTC-USDT,2021-07-10,33497.98
BTC-USDT,2021-07-11,34253.81
BTC-USDT,2021-07-12,33070.87
BTC-USDT,2021-07-13,32709.09
BTC-USDT,2021-07-14,32803.01
BTC-USDT,2021-07-15,31866.43
BTC-USDT,2021-07-16,31382.95
BTC-USDT,2021-07-17,31496.65
BTC-USDT,2021-07-18,31767
BTC-USDT,2021-07-19,30823.62
BTC-USDT,2021-07-20,29775.9
BTC-USDT,2021-07-21,32120
BTC-USDT,2021-07-22,32268.11
BTC-USDT,2021-07-23,33634.46
BTC-USDT,2021-07-24,34230
BTC-USDT,2021-07-25,35370.66
BTC-USDT,2021-07-26,37218.09
BTC-USDT,2021-07-27,39442.33
BTC-USDT,2021-07-28,40003.08
BTC-USDT,2021-07-29,40012.9
BTC-USDT,2021-07-30,42203.25
BTC-USDT,2021-07-31,41448.11
BTC-USDT,2021-08-01,39846.78
BTC-USDT,2021-08-02,39147.48
BTC-USDT,2021-08-03,38203.26
BTC-USDT,2021-08-04,39731.31
BTC-USDT,2021-08-05,40882.4
BTC-USDT,2021-08-06,42825.43
BTC-USDT,2021-08-07,44601.11
BTC-USDT,2021-08-08,43787.71
BTC-USDT,2021-08-09,46259.7
BTC-USDT,2021-08-10,45589.99
BTC-USDT,2021-08-11,45522.12
BTC-USDT,2021-08-12,44385.09
BTC-USDT,2021-08-13,47792.52
BTC-USDT,2021-08-14,47083.74
BTC-USDT,2021-08-15,47006.02
BTC-USDT,2021-08-16,45926.23
BTC-USDT,2021-08-17,44704.84
BTC-USDT,2021-08-18,44714.09
BTC-USDT,2021-08-19,46772
BTC-USDT,2021-08-20,49332.74
BTC-USDT,2021-08-21,48848.29
BTC-USDT,2021-08-22,49273.28
BTC-USDT,2021-08-23,49523.91
BTC-USDT,2021-08-24,47719.36
BTC-USDT,2021-08-25,48992.65
BTC-USDT,2021-08-26,46853.06
BTC-USDT,2021-08-27,49083.98
BTC-USDT,2021-08-28,48931.99
BTC-USDT,2021-08-29,48795.41
BTC-USDT,2021-08-30,47024.7
BTC-USDT,2021-08-31,47150.32
BTC-USDT,2021-09-01,48842.94
BTC-USDT,2021-09-02,49299.14
BTC-USDT,2021-09-03,50027.08
BTC-USDT,2021-09-04,49940.74
BTC-USDT,2021-09-05,51799.57
BTC-USDT,2021-09-06,52683.97
BTC-USDT,2021-09-07,46864.39
BTC-USDT,2021-09-08,46062.29
BTC-USDT,2021-09-09,46413.88
BTC-USDT,2021-09-10,44860.83
BTC-USDT,2021-09-11,45193.78
BTC-USDT,2021-09-12,46046.73
BTC-USDT,2021-09-13,44975.96
BTC-USDT,2021-09-14,47087.18
BTC-USDT,2021-09-15,48106.12
BTC-USDT,2021-09-16,47745.55
BTC-USDT,2021-09-17,47303.11
BTC-USDT,2021-09-18,48285.15
BTC-USDT,2021-09-19,47256.91
BTC-USDT,2021-09-20,43026.6
BTC-USDT,2021-09-21,40726.1
BTC-USDT,2021-09-22,43520
BTC-USDT,2021-09-23,44828.29
BTC-USDT,2021-09-24,42798.49
BTC-USDT,2021-09-25,42651.58
BTC-USDT,2021-09-26,43150
BTC-USDT,2021-09-27,42122.69
BTC-USDT,2021-09-28,41006.32
BTC-USDT,2021-09-29,41499.71
BTC-USDT,2021-09-30,43796.57
BTC-USDT,2021-10-01,48123.94
BTC-USDT,2021-10-02,47626.61
BTC-USDT,2021-10-03,48187.3
BTC-USDT,2021-10-04,49198.22
BTC-USDT,2021-10-05,51455.12
BTC-USDT,2021-10-06,55321.6
BTC-USDT,2021-10-07,53814.99
BTC-USDT,2021-10-08,53975
BTC-USDT,2021-10-09,54960.77
BTC-USDT,2021-10-10,54700
BTC-USDT,2021-10-11,57500.01
BTC-USDT,2021-10-12,56011.84
BTC-USDT,2021-10-13,57393.65
BTC-USDT,2021-10-14,57378.19
BTC-USDT,2021-10-15,61702.33
BTC-USDT,2021-10-16,60925.56
BTC-USDT,2021-10-17,61571.45
BTC-USDT,2021-10-18,62037.92
BTC-USDT,2021-10-19,64316.7
BTC-USDT,2021-10-20,66064.24
BTC-USDT,2021-10-21,62260.33
BTC-USDT,2021-10-22,60734.27
BTC-USDT,2021-10-23,61325.11
BTC-USDT,2021-10-24,60902.82
BTC-USDT,2021-10-25,63127.04
BTC-USDT,2021-10-26,60358.75
BTC-USDT,2021-10-27,58449.36
BTC-USDT,2021-10-28,60622.03
BTC-USDT,2021-10-29,62308.22
BTC-USDT,2021-10-30,61895.19
BTC-USDT,2021-10-31,61348.61
BTC-USDT,2021-11-01,60942.87
BTC-USDT,2021-11-02,63266.69
BTC-USDT,2021-11-03,62946.45
BTC-USDT,2021-11-04,61431.86
BTC-USDT,2021-11-05,61006
BTC-USDT,2021-11-06,61511.3
BTC-USDT,2021-11-07,63316.4
BTC-USDT,2021-11-08,67606.96
BTC-USDT,2021-11-09,67009.98
BTC-USDT,2021-11-10,64920.13
BTC-USDT,2021-11-11,64831.3
BTC-USDT,2021-11-12,64156.08
BTC-USDT,2021-11-13,64427
BTC-USDT,2021-11-14,65568.39
BTC-USDT,2021-11-15,63654.49
BTC-USDT,2021-11-16,60106.03
BTC-USDT,2021-11-17,60366.96
BTC-USDT,2021-11-18,56921.05
BTC-USDT,2021-11-19,58069.51
BTC-USDT,2021-11-20,59716.29
BTC-USDT,2021-11-21,58661.39
BTC-USDT,2021-11-22,56268.31
BTC-USDT,2021-11-23,57574.23
BTC-USDT,2021-11-24,57165.08
BTC-USDT,2021-11-25,58988.21
BTC-USDT,2021-11-26,53755.65
BTC-USDT,2021-11-27,54738.77
BTC-USDT,2021-11-28,57315.73
BTC-USDT,2021-11-29,57827.98
BTC-USDT,2021-11-30,56975
BTC-USDT,2021-12-01,57209.29
BTC-USDT,2021-12-02,56513.57
BTC-USDT,2021-12-03,53612
BTC-USDT,2021-12-04,49135.66
BTC-USDT,2021-12-05,49376.6
BTC-USDT,2021-12-06,50424.72
BTC-USDT,2021-12-07,50577.2
BTC-USDT,2021-12-08,50455.61
BTC-USDT,2021-12-09,47539.76
BTC-USDT,2021-12-10,47136.35
BTC-USDT,2021-12-11,49381.15
BTC-USDT,2021-12-12,50057.01
BTC-USDT,2021-12-13,46679.93
BTC-USDT,2021-12-14,48324.04
BTC-USDT,2021-12-15,48870.48
BTC-USDT,2021-12-16,47624.5
BTC-USDT,2021-12-17,46125.33
BTC-USDT,2021-12-18,46815.99
BTC-USDT,2021-12-19,46668.63
BTC-USDT,2021-12-20,46898.14
BTC-USDT,2021-12-21,48875.15
BTC-USDT,2021-12-22,48569.69
BTC-USDT,2021-12-23,50817.92
BTC-USDT,2021-12-24,50808.55
BTC-USDT,2021-12-25,50403.64
BTC-USDT,2021-12-26,50765.73
BTC-USDT,2021-12-27,50707.72
BTC-USDT,2021-12-28,47522.03
BTC-USDT,2021-12-29,46436.54
BTC-USDT,2021-12-30,47095.02
BTC-USDT,2021-12-31,46210.56
BTC-USDT,2022-01-01,47704.35
BTC-USDT,2022-01-02,47280
BTC-USDT,2022-01-03,46445.81
BTC-USDT,2022-01-04,45833.42
BTC-USDT,2022-01-05,43421.69
BTC-USDT,2022-01-06,43080.01
BTC-USDT,2022-01-07,41553.86
BTC-USDT,2022-01-08,41688.05
BTC-USDT,2022-01-09,41851.22
BTC-USDT,2022-01-10,41801.55
BTC-USDT,2022-01-11,42700.68
BTC-USDT,2022-01-12,43880.72
BTC-USDT,2022-01-13,42534.32
BTC-USDT,2022-01-14,43042.4
BTC-USDT,2022-01-15,43070.51
BTC-USDT,2022-01-16,43060.66
BTC-USDT,2022-01-17,42176.34
BTC-USDT,2022-01-18,42337.58
BTC-USDT,2022-01-19,41657.89
BTC-USDT,2022-01-20,40661.69
BTC-USDT,2022-01-21,36425.98
BTC-USDT,2022-01-22,35043.73
BTC-USDT,2022-01-23,36230.01
BTC-USDT,2022-01-24,36648.31
BTC-USDT,2022-01-25,36934.26
BTC-USDT,2022-01-26,36787.43
BTC-USDT,2022-01-27,37131
BTC-USDT,2022-01-28,37696.21
BTC-USDT,2022-01-29,38150.01
BTC-USDT,2022-01-30,37870.01
BTC-USDT,2022-01-31,38439.04
BTC-USDT,2022-02-01,38680.51
BTC-USDT,2022-02-02,36892.03
BTC-USDT,2022-02-03,37289.86
BTC-USDT,2022-02-04,41550
BTC-USDT,2022-02-05,41374.69
BTC-USDT,2022-02-06,42361.35
BTC-USDT,2022-02-07,43829.99
BTC-USDT,2022-02-08,44021.57
BTC-USDT,2022-02-09,44358.08
BTC-USDT,2022-02-10,43471.29
BTC-USDT,2022-02-11,42366
BTC-USDT,2022-02-12,42199.87
BTC-USDT,2022-02-13,42041.13
BTC-USDT,2022-02-14,42525.14
BTC-USDT,2022-02-15,44529.6
BTC-USDT,2022-02-16,43860.7
BTC-USDT,2022-02-17,40491.7
BTC-USDT,2022-02-18,39966.8
BTC-USDT,2022-02-19,40052.6
BTC-USDT,2022-02-20,38368.1
BTC-USDT,2022-02-21,36986.4
BTC-USDT,2022-02-22,38212
BTC-USDT,2022-02-23,37227.8
BTC-USDT,2022-02-24,38315.1
BTC-USDT,2022-02-25,39205.4
BTC-USDT,2022-02-26,39099.3
BTC-USDT,2022-02-27,37672
BTC-USDT,2022-02-28,43155
BTC-USDT,2022-03-01,44394.1
BTC-USDT,2022-03-02,43885.7
BTC-USDT,2022-03-03,42449.5
BTC-USDT,2022-03-04,39127.7
BTC-USDT,2022-03-05,39375.1
BTC-USDT,2022-03-06,38401.1
BTC-USDT,2022-03-07,37963.8
BTC-USDT,2022-03-08,38709.9
BTC-USDT,2022-03-09,41937.5
BTC-USDT,2022-03-10,39407.2
BTC-USDT,2022-03-11,38713
BTC-USDT,2022-03-12,38792.6
BTC-USDT,2022-03-13,37743.7
BTC-USDT,2022-03-14,39653.8
BTC-USDT,2022-03-15,39271
BTC-USDT,2022-03-16,41105.8
BTC-USDT,2022-03-17,40898.1
BTC-USDT,2022-03-18,41751.5
BTC-USDT,2022-03-19,42188.2
BTC-USDT,2022-03-20,41261
BTC-USDT,2022-03-21,40982
BTC-USDT,2022-03-22,42349.8
BTC-USDT,2022-03-23,42867.9
BTC-USDT,2022-03-24,43973.4
BTC-USDT,2022-03-25,44290.6
BTC-USDT,2022-03-26,44489.2
BTC-USDT,2022-03-27,46820.8
BTC-USDT,2022-03-28,47121.9
BTC-USDT,2022-03-29,47418.5
BTC-USDT,2022-03-30,47053.2
BTC-USDT,2022-03-31,45506
BTC-USDT,2022-04-01,46266.2
BTC-USDT,2022-04-02,45794.6
BTC-USDT,2022-04-03,46392.4
BTC-USDT,2022-04-04,46580.9
BTC-USDT,2022-04-05,45477.4
BTC-USDT,2022-04-06,43159.7
BTC-USDT,2022-04-07,43417.1
BTC-USDT,2022-04-08,42229.2
BTC-USDT,2022-04-09,42727.7
BTC-USDT,2022-04-10,42140.4
BTC-USDT,2022-04-11,39505.6
BTC-USDT,2022-04-12,40060.7
BTC-USDT,2022-04-13,41129.8
BTC-USDT,2022-04-14,39915.9
BTC-USDT,2022-04-15,40529.5
BTC-USDT,2022-04-16,40361
BTC-USDT,2022-04-17,39649.1
BTC-USDT,2022-04-18,40785.6
BTC-USDT,2022-04-19,41472.9
BTC-USDT,2022-04-20,41327.7
BTC-USDT,2022-04-21,40449.8
BTC-USDT,2022-04-22,39674.2
BTC-USDT,2022-04-23,39415.1
BTC-USDT,2022-04-24,39433.4
BTC-USDT,2022-04-25,40411
BTC-USDT,2022-04-26,38093.7
BTC-USDT,2022-04-27,39209
BTC-USDT,2022-04-28,39732.5
BTC-USDT,2022-04-29,38572.2
BTC-USDT,2022-04-30,37614.5
BTC-USDT,2022-05-01,38440.5
BTC-USDT,2022-05-02,38525.6
BTC-USDT,2022-05-03,37712.9
BTC-USDT,2022-05-04,39684
BTC-USDT,2022-05-05,36534.7
BTC-USDT,2022-05-06,35995.3
BTC-USDT,2022-05-07,35466.7
BTC-USDT,2022-05-08,34032
BTC-USDT,2022-05-09,30056.6
BTC-USDT,2022-05-10,31002.1
BTC-USDT,2022-05-11,29074.7
BTC-USDT,2022-05-12,29020.7
BTC-USDT,2022-05-13,29274.3
BTC-USDT,2022-05-14,30079.8
BTC-USDT,2022-05-15,31324.4
BTC-USDT,2022-05-16,29866.7
BTC-USDT,2022-05-17,30437
BTC-USDT,2022-05-18,28700.6
BTC-USDT,2022-05-19,30319.9
BTC-USDT,2022-05-20,29188.9
BTC-USDT,2022-05-21,29427.4
BTC-USDT,2022-05-22,30284
BTC-USDT,2022-05-23,29097.7
BTC-USDT,2022-05-24,29643.1
BTC-USDT,2022-05-25,29536.7
BTC-USDT,2022-05-26,29194
BTC-USDT,2022-05-27,28623.2
BTC-USDT,2022-05-28,29018.8
BTC-USDT,2022-05-29,29452.8
BTC-USDT,2022-05-30,31726.5
BTC-USDT,2022-05-31,31797.8
BTC-USDT,2022-06-01,29796.9
BTC-USDT,2022-06-02,30437.1
BTC-USDT,2022-06-03,29682.8
BTC-USDT,2022-06-04,29848.4
BTC-USDT,2022-06-05,29909.9
BTC-USDT,2022-06-06,31361.2
BTC-USDT,2022-06-07,31118.1
BTC-USDT,2022-06-08,30192.5
BTC-USDT,2022-06-09,30093.3
BTC-USDT,2022-06-10,29077.7
BTC-USDT,2022-06-11,28416.7
BTC-USDT,2022-06-12,26564.7
BTC-USDT,2022-06-13,22471.5
BTC-USDT,2022-06-14,22122.7
BTC-USDT,2022-06-15,22567.5
BTC-USDT,2022-06-16,20387.4
BTC-USDT,2022-06-17,20457.3
BTC-USDT,2022-06-18,18959.7
BTC-USDT,2022-06-19,20564.2
BTC-USDT,2022-06-20,20570.1
BTC-USDT,2022-06-21,20713.1
BTC-USDT,2022-06-22,19977.4
BTC-USDT,2022-06-23,21096.6
BTC-USDT,2022-06-24,21231.2
BTC-USDT,2022-06-25,21481.9
BTC-USDT,2022-06-26,21029.1
BTC-USDT,2022-06-27,20730
BTC-USDT,2022-06-28,20268.6
BTC-USDT,2022-06-29,20109.9
BTC-USDT,2022-06-30,19923.5
BTC-USDT,2022-07-01,19272
BTC-USDT,2022-07-02,19240.9
BTC-USDT,2022-07-03,19305.9
BTC-USDT,2022-07-04,20226.6
BTC-USDT,2022-07-05,20170
BTC-USDT,2022-07-06,20554.1
BTC-USDT,2022-07-07,21613.4
BTC-USDT,2022-07-08,21587.9
BTC-USDT,2022-07-09,21580
BTC-USDT,2022-07-10,20853.8
BTC-USDT,2022-07-11,19954.3
BTC-USDT,2022-07-12,19322.9
BTC-USDT,2022-07-13,20220.1
BTC-USDT,2022-07-14,20578.6
BTC-USDT,2022-07-15,20823.1
BTC-USDT,2022-07-16,21183.5
BTC-USDT,2022-07-17,20794.4
BTC-USDT,2022-07-18,22423.9
BTC-USDT,2022-07-19,23385.9
BTC-USDT,2022-07-20,23221.5
BTC-USDT,2022-07-21,23144.5
BTC-USDT,2022-07-22,22675.1
BTC-USDT,2022-07-23,22440.2
BTC-USDT,2022-07-24,22570.6
BTC-USDT,2022-07-25,21300
BTC-USDT,2022-07-26,21241
BTC-USDT,2022-07-27,22941.1
BTC-USDT,2022-07-28,23836.2
BTC-USDT,2022-07-29,23771.1
BTC-USDT,2022-07-30,23629.9
BTC-USDT,2022-07-31,23290.1
BTC-USDT,2022-08-01,23257.6
BTC-USDT,2022-08-02,22975.1
BTC-USDT,2022-08-03,22801.5
BTC-USDT,2022-08-04,22608.9
BTC-USDT,2022-08-05,23298.1
BTC-USDT,2022-08-06,22943.3
BTC-USDT,2022-08-07,23167.8
BTC-USDT,2022-08-08,23804.4
BTC-USDT,2022-08-09,23140.2
BTC-USDT,2022-08-10,23940.9
BTC-USDT,2022-08-11,23917.2
BTC-USDT,2022-08-12,24387.5
BTC-USDT,2022-08-13,24429
BTC-USDT,2022-08-14,24294.1
BTC-USDT,2022-08-15,24085.2
BTC-USDT,2022-08-16,23843
BTC-USDT,2022-08-17,23333.1
BTC-USDT,2022-08-18,23185.1
BTC-USDT,2022-08-19,20824.9
BTC-USDT,2022-08-20,21127.8
BTC-USDT,2022-08-21,21505.6
BTC-USDT,2022-08-22,21387
BTC-USDT,2022-08-23,21518.2
BTC-USDT,2022-08-24,21354.9
BTC-USDT,2022-08-25,21548.3
BTC-USDT,2022-08-26,20228.7
BTC-USDT,2022-08-27,20023.9
BTC-USDT,2022-08-28,19547.5
BTC-USDT,2022-08-29,20275.5
BTC-USDT,2022-08-30,19803.1
BTC-USDT,2022-08-31,20041.5
BTC-USDT,2022-09-01,20122.5
BTC-USDT,2022-09-02,19941
BTC-USDT,2022-09-03,19820.7
BTC-USDT,2022-09-04,19992.7
BTC-USDT,2022-09-05,19784.9
BTC-USDT,2022-09-06,18781.5
BTC-USDT,2022-09-07,19287
BTC-USDT,2022-09-08,19309.3
BTC-USDT,2022-09-09,21352
BTC-USDT,2022-09-10,21639.5
BTC-USDT,2022-09-11,21820.3
BTC-USDT,2022-09-12,22386
BTC-USDT,2022-09-13,20162.5
BTC-USDT,2022-09-14,20217
BTC-USDT,2022-09-15,19690.8
BTC-USDT,2022-09-16,19792.5
BTC-USDT,2022-09-17,20102
BTC-USDT,2022-09-18,19404.5
BTC-USDT,2022-09-19,19528.6
BTC-USDT,2022-09-20,18866.8
BTC-USDT,2022-09-21,18447.5
BTC-USDT,2022-09-22,19392.5
BTC-USDT,2022-09-23,19280.7
BTC-USDT,2022-09-24,18911
BTC-USDT,2022-09-25,18799.7
BTC-USDT,2022-09-26,19216.3
BTC-USDT,2022-09-27,19070.1
BTC-USDT,2022-09-28,19407.3
BTC-USDT,2022-09-29,19582.5
BTC-USDT,2022-09-30,19411.7
BTC-USDT,2022-10-01,19304
BTC-USDT,2022-10-02,19049.4
BTC-USDT,2022-10-03,19622
BTC-USDT,2022-10-04,20333
BTC-USDT,2022-10-05,20150
BTC-USDT,2022-10-06,19954
BTC-USDT,2022-10-07,19520.9
BTC-USDT,2022-10-08,19406.2
BTC-USDT,2022-10-09,19430
BTC-USDT,2022-10-10,19124
BTC-USDT,2022-10-11,19055
BTC-USDT,2022-10-12,19148
BTC-USDT,2022-10-13,19365.5
BTC-USDT,2022-10-14,19164.6
BTC-USDT,2022-10-15,19060.4
BTC-USDT,2022-10-16,19251.9
BTC-USDT,2022-10-17,19540.6
BTC-USDT,2022-10-18,19320.9
BTC-USDT,2022-10-19,19116.7
BTC-USDT,2022-10-20,19034.7
BTC-USDT,2022-10-21,19150.9
BTC-USDT,2022-10-22,19195.1
BTC-USDT,2022-10-23,19560.7
BTC-USDT,2022-10-24,19318.1
BTC-USDT,2022-10-25,20068.3
BTC-USDT,2022-10-26,20758.3
BTC-USDT,2022-10-27,20285.5
BTC-USDT,2022-10-28,20582.8
BTC-USDT,2022-10-29,20796.7
BTC-USDT,2022-10-30,20615.6
BTC-USDT,2022-10-31,20482
BTC-USDT,2022-11-01,20472.1
BTC-USDT,2022-11-02,20140.1
BTC-USDT,2022-11-03,20199.7
BTC-USDT,2022-11-04,21137.6
BTC-USDT,2022-11-05,21289.9
BTC-USDT,2022-11-06,20900
BTC-USDT,2022-11-07,20578.6
BTC-USDT,2022-11-08,18534
BTC-USDT,2022-11-09,15905
BTC-USDT,2022-11-10,17588
BTC-USDT,2022-11-11,17058.3
BTC-USDT,2022-11-12,16806.9
BTC-USDT,2022-11-13,16321.2
BTC-USDT,2022-11-14,16605.2
BTC-USDT,2022-11-15,16888.3
BTC-USDT,2022-11-16,16650.6
BTC-USDT,2022-11-17,16682.1
BTC-USDT,2022-11-18,16689.7
BTC-USDT,2022-11-19,16692.9
BTC-USDT,2022-11-20,16272.6
BTC-USDT,2022-11-21,15773
BTC-USDT,2022-11-22,16220.6
BTC-USDT,2022-11-23,16595.8
BTC-USDT,2022-11-24,16592.4
BTC-USDT,2022-11-25,16516.1
BTC-USDT,2022-11-26,16449.2
BTC-USDT,2022-11-27,16422.6
BTC-USDT,2022-11-28,16204.5
BTC-USDT,2022-11-29,16433.2
BTC-USDT,2022-11-30,17153.3
BTC-USDT,2022-12-01,16970.5
BTC-USDT,2022-12-02,17083
BTC-USDT,2022-12-03,16879.5
BTC-USDT,2022-12-04,17099.5
BTC-USDT,2022-12-05,16958.3
BTC-USDT,2022-12-06,17078.6
BTC-USDT,2022-12-07,16828
BTC-USDT,2022-12-08,17216
BTC-USDT,2022-12-09,17122
BTC-USDT,2022-12-10,17120
BTC-USDT,2022-12-11,17077.3
BTC-USDT,2022-12-12,17200
BTC-USDT,2022-12-13,17777.1
BTC-USDT,2022-12-14,17803.9
BTC-USDT,2022-12-15,17351.8
BTC-USDT,2022-12-16,16624.1
BTC-USDT,2022-12-17,16768
BTC-USDT,2022-12-18,16730.3
BTC-USDT,2022-12-19,16429.2
BTC-USDT,2022-12-20,16887.2
BTC-USDT,2022-12-21,16819.6
BTC-USDT,2022-12-22,16815.5
BTC-USDT,2022-12-23,16776.4
BTC-USDT,2022-12-24,16828.9
BTC-USDT,2022-12-25,16824.4
BTC-USDT,2022-12-26,16912.9
BTC-USDT,2022-12-27,16698.2
BTC-USDT,2022-12-28,16539
BTC-USDT,2022-12-29,16630.3
BTC-USDT,2022-12-30,16601.2
BTC-USDT,2022-12-31,16537.6
BTC-USDT,2023-01-01,16610.3
BTC-USDT,2023-01-02,16666
BTC-USDT,2023-01-03,16667.2
BTC-USDT,2023-01-04,16842.1
BTC-USDT,2023-01-05,16823.8
BTC-USDT,2023-01-06,16943.8
BTC-USDT,2023-01-07,16936.5
BTC-USDT,2023-01-08,17124.7
BTC-USDT,2023-01-09,17169.7
BTC-USDT,2023-01-10,17428.8
BTC-USDT,2023-01-11,17935.7
BTC-USDT,2023-01-12,18838
BTC-USDT,2023-01-13,19924.2
BTC-USDT,2023-01-14,20962.8
BTC-USDT,2023-01-15,20882.7
BTC-USDT,2023-01-16,21188.3
BTC-USDT,2023-01-17,21130.9
BTC-USDT,2023-01-18,20680
BTC-USDT,2023-01-19,21068.3
BTC-USDT,2023-01-20,22661.1
BTC-USDT,2023-01-21,22781.9
BTC-USDT,2023-01-22,22704.6
BTC-USDT,2023-01-23,22913.1
BTC-USDT,2023-01-24,22627.4
BTC-USDT,2023-01-25,23060.6
BTC-USDT,2023-01-26,23001.9
BTC-USDT,2023-01-27,23068
BTC-USDT,2023-01-28,23015.9
BTC-USDT,2023-01-29,23740.3
BTC-USDT,2023-01-30,22819.9
BTC-USDT,2023-01-31,23119.4
BTC-USDT,2023-02-01,23730
BTC-USDT,2023-02-02,23493.1
BTC-USDT,2023-02-03,23424.7
BTC-USDT,2023-02-04,23322.6
BTC-USDT,2023-02-05,22929.2
BTC-USDT,2023-02-06,22757.7
BTC-USDT,2023-02-07,23234.1
BTC-USDT,2023-02-08,22955.9
BTC-USDT,2023-02-09,21793.4
BTC-USDT,2023-02-10,21618.6
BTC-USDT,2023-02-11,21851.3
BTC-USDT,2023-02-12,21771.1
BTC-USDT,2023-02-13,21766.2
BTC-USDT,2023-02-14,22187.4
BTC-USDT,2023-02-15,24332.6
BTC-USDT,2023-02-16,23526.6
BTC-USDT,2023-02-17,24581.5
BTC-USDT,2023-02-18,24636.9
BTC-USDT,2023-02-19,24265.9
BTC-USDT,2023-02-20,24849.9
BTC-USDT,2023-02-21,24443.4
BTC-USDT,2023-02-22,24171.3
BTC-USDT,2023-02-23,23928.8
BTC-USDT,2023-02-24,23175.6
BTC-USDT,2023-02-25,23146.2
BTC-USDT,2023-02-26,23545.3
BTC-USDT,2023-02-27,23480
BTC-USDT,2023-02-28,23129.6
BTC-USDT,2023-03-01,23619.8
BTC-USDT,2023-03-02,23457.1
BTC-USDT,2023-03-03,22342.8
BTC-USDT,2023-03-04,22335.7
BTC-USDT,2023-03-05,22419.4
BTC-USDT,2023-03-06,22397.1
BTC-USDT,2023-03-07,22187.1
BTC-USDT,2023-03-08,21695.4
BTC-USDT,2023-03-09,20348.3
BTC-USDT,2023-03-10,20140.3
BTC-USDT,2023-03-11,20447.3
BTC-USDT,2023-03-12,21986.2
BTC-USDT,2023-03-13,24119.5
BTC-USDT,2023-03-14,24682.5
BTC-USDT,2023-03-15,24288
BTC-USDT,2023-03-16,24990.4
BTC-USDT,2023-03-17,27384
BTC-USDT,2023-03-18,26907
BTC-USDT,2023-03-19,27955.7
BTC-USDT,2023-03-20,27704.1
BTC-USDT,2023-03-21,28091.1
BTC-USDT,2023-03-22,27233.8
BTC-USDT,2023-03-23,28284.1
BTC-USDT,2023-03-24,27438.9
BTC-USDT,2023-03-25,27447.3
BTC-USDT,2023-03-26,27954.3
BTC-USDT,2023-03-27,27112
BTC-USDT,2023-03-28,27249.7
BTC-USDT,2023-03-29,28338.5
BTC-USDT,2023-03-30,28015
BTC-USDT,2023-03-31,28454.9
BTC-USDT,2023-04-01,28443.8
BTC-USDT,2023-04-02,28161.2
BTC-USDT,2023-04-03,27786.1
BTC-USDT,2023-04-04,28155.2
BTC-USDT,2023-04-05,28154
BTC-USDT,2023-04-06,28022.8
BTC-USDT,2023-04-07,27890.7
BTC-USDT,2023-04-08,27924.9
BTC-USDT,2023-04-09,28309.4
BTC-USDT,2023-04-10,29623.1
BTC-USDT,2023-04-11,30185.1
BTC-USDT,2023-04-12,29875
BTC-USDT,2023-04-13,30362.7
BTC-USDT,2023-04-14,30453.1
BTC-USDT,2023-04-15,30280.4
BTC-USDT,2023-04-16,30286.6
BTC-USDT,2023-04-17,29420
BTC-USDT,2023-04-18,30365.8
BTC-USDT,2023-04-19,28795.1
BTC-USDT,2023-04-20,28229.9
BTC-USDT,2023-04-21,27252.5
BTC-USDT,2023-04-22,27807.2
BTC-USDT,2023-04-23,27576
BTC-USDT,2023-04-24,27497.5
BTC-USDT,2023-04-25,28286.7
BTC-USDT,2023-04-26,28395.9
BTC-USDT,2023-04-27,29459
BTC-USDT,2023-04-28,29300
BTC-USDT,2023-04-29,29212.7
BTC-USDT,2023-04-30,29223
BTC-USDT,2023-05-01,28054.4
BTC-USDT,2023-05-02,28656.5
BTC-USDT,2023-05-03,29018.4
BTC-USDT,2023-05-04,28826
BTC-USDT,2023-05-05,29491.5
BTC-USDT,2023-05-06,28837.8
BTC-USDT,2023-05-07,28419.4
BTC-USDT,2023-05-08,27659.8
BTC-USDT,2023-05-09,27610.2
BTC-USDT,2023-05-10,27582.9
BTC-USDT,2023-05-11,26956.4
BTC-USDT,2023-05-12,26785.1
BTC-USDT,2023-05-13,26762.7
BTC-USDT,2023-05-14,26901.9
BTC-USDT,2023-05-15,27152.5
BTC-USDT,2023-05-16,27024.8
BTC-USDT,2023-05-17,27395.8
BTC-USDT,2023-05-18,26809.3
BTC-USDT,2023-05-19,26870.1
BTC-USDT,2023-05-20,27089.5
BTC-USDT,2023-05-21,26732.8
BTC-USDT,2023-05-22,26840.2
BTC-USDT,2023-05-23,27209.9
BTC-USDT,2023-05-24,26313.8
BTC-USDT,2023-05-25,26461.8
BTC-USDT,2023-05-26,26689.9
BTC-USDT,2023-05-27,26841.6
BTC-USDT,2023-05-28,28055.7
BTC-USDT,2023-05-29,27722
BTC-USDT,2023-05-30,27680.1
BTC-USDT,2023-05-31,27201.1
BTC-USDT,2023-06-01,26805.3
BTC-USDT,2023-06-02,27227.8
BTC-USDT,2023-06-03,27054.9
BTC-USDT,2023-06-04,27102.4
BTC-USDT,2023-06-05,25714.7
BTC-USDT,2023-06-06,27221.5
BTC-USDT,2023-06-07,26325.9
BTC-USDT,2023-06-08,26485.9
BTC-USDT,2023-06-09,26468.1
BTC-USDT,2023-06-10,25826.6
BTC-USDT,2023-06-11,25909.9
BTC-USDT,2023-06-12,25894.8
BTC-USDT,2023-06-13,25918
BTC-USDT,2023-06-14,25115.9
BTC-USDT,2023-06-15,25586.1
BTC-USDT,2023-06-16,26336
BTC-USDT,2023-06-17,26508.9
BTC-USDT,2023-06-18,26329.7
BTC-USDT,2023-06-19,26828.5
BTC-USDT,2023-06-20,28290.6
BTC-USDT,2023-06-21,29988.5
BTC-USDT,2023-06-22,29875
BTC-USDT,2023-06-23,30673.4
BTC-USDT,2023-06-24,30524.2
BTC-USDT,2023-06-25,30458
BTC-USDT,2023-06-26,30260.1
BTC-USDT,2023-06-27,30683.2
BTC-USDT,2023-06-28,30066.3
BTC-USDT,2023-06-29,30439.9
BTC-USDT,2023-06-30,30460.2
BTC-USDT,2023-07-01,30573.6
BTC-USDT,2023-07-02,30612.7
BTC-USDT,2023-07-03,31149
BTC-USDT,2023-07-04,30756.1
BTC-USDT,2023-07-05,30488.4
BTC-USDT,2023-07-06,29874.4
BTC-USDT,2023-07-07,30327.9
BTC-USDT,2023-07-08,30269.3
BTC-USDT,2023-07-09,30147.8
BTC-USDT,2023-07-10,30396.9
BTC-USDT,2023-07-11,30608.4
BTC-USDT,2023-07-12,30368.9
BTC-USDT,2023-07-13,31441.7
BTC-USDT,2023-07-14,30293.3
BTC-USDT,2023-07-15,30276.4
BTC-USDT,2023-07-16,30216.8
BTC-USDT,2023-07-17,30126.1
BTC-USDT,2023-07-18,29845.6
BTC-USDT,2023-07-19,29895.5
BTC-USDT,2023-07-20,29791
BTC-USDT,2023-07-21,29891.4
BTC-USDT,2023-07-22,29783.5
BTC-USDT,2023-07-23,30070.8
BTC-USDT,2023-07-24,29163.8
BTC-USDT,2023-07-25,29216.3
BTC-USDT,2023-07-26,29336
BTC-USDT,2023-07-27,29209.7
BTC-USDT,2023-07-28,29299.9
BTC-USDT,2023-07-29,29339.1
BTC-USDT,2023-07-30,29271.1
BTC-USDT,2023-07-31,29220.8
BTC-USDT,2023-08-01,29701.2
BTC-USDT,2023-08-02,29170.1
BTC-USDT,2023-08-03,29180.2
BTC-USDT,2023-08-04,29101.1
BTC-USDT,2023-08-05,29057.7
BTC-USDT,2023-08-06,29075.9
BTC-USDT,2023-08-07,29202.7
BTC-USDT,2023-08-08,29759
BTC-USDT,2023-08-09,29572.8
BTC-USDT,2023-08-10,29443.7
BTC-USDT,2023-08-11,29415.5
BTC-USDT,2023-08-12,29420.7
BTC-USDT,2023-08-13,29293.3
BTC-USDT,2023-08-14,29419.5
BTC-USDT,2023-08-15,29188.8
BTC-USDT,2023-08-16,28714.4
BTC-USDT,2023-08-17,26609.7
BTC-USDT,2023-08-18,26042.1
BTC-USDT,2023-08-19,26088.3
BTC-USDT,2023-08-20,26175.9
BTC-USDT,2023-08-21,26115.4
BTC-USDT,2023-08-22,26044.4
BTC-USDT,2023-08-23,26419.2
BTC-USDT,2023-08-24,26164.6
BTC-USDT,2023-08-25,26051.7
BTC-USDT,2023-08-26,26004.3
BTC-USDT,2023-08-27,26087.7
BTC-USDT,2023-08-28,26106.5
BTC-USDT,2023-08-29,27700.1
BTC-USDT,2023-08-30,27290.4
BTC-USDT,2023-08-31,25928
BTC-USDT,2023-09-01,25795.6
BTC-USDT,2023-09-02,25855.8
BTC-USDT,2023-09-03,25962.1
BTC-USDT,2023-09-04,25814
BTC-USDT,2023-09-05,25779.7
BTC-USDT,2023-09-06,25747.4
BTC-USDT,2023-09-07,26240.7
BTC-USDT,2023-09-08,25899.8
BTC-USDT,2023-09-09,25892.6
BTC-USDT,2023-09-10,25828.4
BTC-USDT,2023-09-11,25150.4
BTC-USDT,2023-09-12,25825.8
BTC-USDT,2023-09-13,26209.9
BTC-USDT,2023-09-14,26510.3
BTC-USDT,2023-09-15,26591.1
BTC-USDT,2023-09-16,26546.9
BTC-USDT,2023-09-17,26514.2
BTC-USDT,2023-09-18,26749.9
BTC-USDT,2023-09-19,27196
BTC-USDT,2023-09-20,27107.7
BTC-USDT,2023-09-21,26552.6
BTC-USDT,2023-09-22,26566.7
BTC-USDT,2023-09-23,26563.1
BTC-USDT,2023-09-24,26232.4
BTC-USDT,2023-09-25,26290.5
BTC-USDT,2023-09-26,26208.8
BTC-USDT,2023-09-27,26359.6
BTC-USDT,2023-09-28,27011.8
BTC-USDT,2023-09-29,26890.9
BTC-USDT,2023-09-30,26950.9
BTC-USDT,2023-10-01,27981.4
BTC-USDT,2023-10-02,27477.6
BTC-USDT,2023-10-03,27412
BTC-USDT,2023-10-04,27759.8
BTC-USDT,2023-10-05,27398.4
BTC-USDT,2023-10-06,27916.3
BTC-USDT,2023-10-07,27943
BTC-USDT,2023-10-08,27901.2
BTC-USDT,2023-10-09,27578.3
BTC-USDT,2023-10-10,27381.2
BTC-USDT,2023-10-11,26864.5
BTC-USDT,2023-10-12,26744
BTC-USDT,2023-10-13,26849.8
BTC-USDT,2023-10-14,26836.3
BTC-USDT,2023-10-15,27139.8
BTC-USDT,2023-10-16,28486.3
BTC-USDT,2023-10-17,28381.9
BTC-USDT,2023-10-18,28307.1
BTC-USDT,2023-10-19,28696.9
BTC-USDT,2023-10-20,29653
BTC-USDT,2023-10-21,29895.4
BTC-USDT,2023-10-22,29981.5
BTC-USDT,2023-10-23,33074
BTC-USDT,2023-10-24,33917
BTC-USDT,2023-10-25,34487.7
BTC-USDT,2023-10-26,34154
BTC-USDT,2023-10-27,33893.1
BTC-USDT,2023-10-28,34086.6
BTC-USDT,2023-10-29,34528.6
BTC-USDT,2023-10-30,34483.8
BTC-USDT,2023-10-31,34651.4
BTC-USDT,2023-11-01,35437.4
BTC-USDT,2023-11-02,34940.1
BTC-USDT,2023-11-03,34700.4
BTC-USDT,2023-11-04,35069.7
BTC-USDT,2023-11-05,35025.5
BTC-USDT,2023-11-06,35057.4
BTC-USDT,2023-11-07,35406.5
BTC-USDT,2023-11-08,35626.7
BTC-USDT,2023-11-09,36719.5
BTC-USDT,2023-11-10,37330.4
BTC-USDT,2023-11-11,37162.1
BTC-USDT,2023-11-12,37085.5
BTC-USDT,2023-11-13,36486.2
BTC-USDT,2023-11-14,35559
BTC-USDT,2023-11-15,37885.6
BTC-USDT,2023-11-16,36176
BTC-USDT,2023-11-17,36621.9
BTC-USDT,2023-11-18,36580.9
BTC-USDT,2023-11-19,37375.9
BTC-USDT,2023-11-20,37462.5
BTC-USDT,2023-11-21,35737
BTC-USDT,2023-11-22,37413.4
BTC-USDT,2023-11-23,37294.3
BTC-USDT,2023-11-24,37706.3
BTC-USDT,2023-11-25,37766.6
BTC-USDT,2023-11-26,37437.9
BTC-USDT,2023-11-27,37234.3
BTC-USDT,2023-11-28,37812.1
BTC-USDT,2023-11-29,37837.1
BTC-USDT,2023-11-30,37716.8
BTC-USDT,2023-12-01,38660
BTC-USDT,2023-12-02,39435
BTC-USDT,2023-12-03,39979.7
BTC-USDT,2023-12-04,41993.1
BTC-USDT,2023-12-05,44081.7
BTC-USDT,2023-12-06,43774.8
BTC-USDT,2023-12-07,43296
BTC-USDT,2023-12-08,44209.5
BTC-USDT,2023-12-09,43734.3
BTC-USDT,2023-12-10,43810
BTC-USDT,2023-12-11,41271
BTC-USDT,2023-12-12,41515
BTC-USDT,2023-12-13,42875
BTC-USDT,2023-12-14,43032.4
BTC-USDT,2023-12-15,41968
BTC-USDT,2023-12-16,42287.4
BTC-USDT,2023-12-17,41396.5
BTC-USDT,2023-12-18,42671.7
BTC-USDT,2023-12-19,42298.3
BTC-USDT,2023-12-20,43708.9
BTC-USDT,2023-12-21,43896.3
BTC-USDT,2023-12-22,43999.2
BTC-USDT,2023-12-23,43725.2
BTC-USDT,2023-12-24,43008.4
BTC-USDT,2023-12-25,43611.9
BTC-USDT,2023-12-26,42538.5
BTC-USDT,2023-12-27,43453.8
BTC-USDT,2023-12-28,42600.1
BTC-USDT,2023-12-29,42095.1
BTC-USDT,2023-12-30,42174.2
BTC-USDT,2023-12-31,42314
BTC-USDT,2024-01-01,44230.2
BTC-USDT,2024-01-02,44979.8
BTC-USDT,2024-01-03,42849.5
BTC-USDT,2024-01-04,44143.8
BTC-USDT,2024-01-05,44145.4
BTC-USDT,2024-01-06,43956.7
BTC-USDT,2024-01-07,43916.9
BTC-USDT,2024-01-08,46972.7
BTC-USDT,2024-01-09,46114
BTC-USDT,2024-01-10,46662.9
BTC-USDT,2024-01-11,46337.8
BTC-USDT,2024-01-12,42788.9
BTC-USDT,2024-01-13,42846.4
BTC-USDT,2024-01-14,41734.9
BTC-USDT,2024-01-15,42515
BTC-USDT,2024-01-16,43133
BTC-USDT,2024-01-17,42783.4
BTC-USDT,2024-01-18,41323.1
BTC-USDT,2024-01-19,41662.2
BTC-USDT,2024-01-20,41691.8
BTC-USDT,2024-01-21,41580
BTC-USDT,2024-01-22,39567
BTC-USDT,2024-01-23,39890
BTC-USDT,2024-01-24,40078.7
BTC-USDT,2024-01-25,39953.3
BTC-USDT,2024-01-26,41806.4
BTC-USDT,2024-01-27,42102.2
BTC-USDT,2024-01-28,42021.2
BTC-USDT,2024-01-29,43287.7
BTC-USDT,2024-01-30,42918.3
BTC-USDT,2024-01-31,42560.5
BTC-USDT,2024-02-01,43072.6
BTC-USDT,2024-02-02,43182
BTC-USDT,2024-02-03,42992.4
BTC-USDT,2024-02-04,42570.3
BTC-USDT,2024-02-05,42692.9
BTC-USDT,2024-02-06,43079.1
BTC-USDT,2024-02-07,44326.2
BTC-USDT,2024-02-08,45269.1
BTC-USDT,2024-02-09,47116.1
BTC-USDT,2024-02-10,47732.6
BTC-USDT,2024-02-11,48303.4
BTC-USDT,2024-02-12,49943.6
BTC-USDT,2024-02-13,49696.4
BTC-USDT,2024-02-14,51823.2
BTC-USDT,2024-02-15,51898.5
BTC-USDT,2024-02-16,52148.6
BTC-USDT,2024-02-17,51679.4
BTC-USDT,2024-02-18,52175.9
BTC-USDT,2024-02-19,51813.8
BTC-USDT,2024-02-20,52297.4
BTC-USDT,2024-02-21,51877.8
BTC-USDT,2024-02-22,51316.9
BTC-USDT,2024-02-23,50771.9
BTC-USDT,2024-02-24,51602.1
BTC-USDT,2024-02-25,51764.9
BTC-USDT,2024-02-26,54511.6
BTC-USDT,2024-02-27,57074.5
BTC-USDT,2024-02-28,62487.9
BTC-USDT,2024-02-29,61203.3
BTC-USDT,2024-03-01,62430.6
BTC-USDT,2024-03-02,62039.9
BTC-USDT,2024-03-03,63178.5
BTC-USDT,2024-03-04,68296.4
BTC-USDT,2024-03-05,63747.4
BTC-USDT,2024-03-06,66128.1
BTC-USDT,2024-03-07,66870
BTC-USDT,2024-03-08,68180.2
BTC-USDT,2024-03-09,68360.1
BTC-USDT,2024-03-10,69001.8
BTC-USDT,2024-03-11,72153.8
BTC-USDT,2024-03-12,71503.2
BTC-USDT,2024-03-13,73127.6
BTC-USDT,2024-03-14,71455.5
BTC-USDT,2024-03-15,69552.2
BTC-USDT,2024-03-16,65351
BTC-USDT,2024-03-17,68447.9
BTC-USDT,2024-03-18,67660
BTC-USDT,2024-03-19,61974.1
BTC-USDT,2024-03-20,67876.4
BTC-USDT,2024-03-21,65539.9
BTC-USDT,2024-03-22,63826
BTC-USDT,2024-03-23,64020.3
BTC-USDT,2024-03-24,67260.9
BTC-USDT,2024-03-25,69920.5
BTC-USDT,2024-03-26,70044.1
BTC-USDT,2024-03-27,69532.6
BTC-USDT,2024-03-28,70838.7
BTC-USDT,2024-03-29,69903.6
BTC-USDT,2024-03-30,69642.1
BTC-USDT,2024-03-31,71363
BTC-USDT,2024-04-01,69700
BTC-USDT,2024-04-02,65505.3
BTC-USDT,2024-04-03,65971.9
BTC-USDT,2024-04-04,68489.9
BTC-USDT,2024-04-05,67825.7
BTC-USDT,2024-04-06,68901.6
BTC-USDT,2024-04-07,69362.7
BTC-USDT,2024-04-08,71678.4
BTC-USDT,2024-04-09,69189.3
BTC-USDT,2024-04-10,70681.7
BTC-USDT,2024-04-11,70055.7
BTC-USDT,2024-04-12,67136.4
BTC-USDT,2024-04-13,63939.7
BTC-USDT,2024-04-14,65615.9
BTC-USDT,2024-04-15,63392.7
BTC-USDT,2024-04-16,63765
BTC-USDT,2024-04-17,61254.5
BTC-USDT,2024-04-18,63445
BTC-USDT,2024-04-19,63787.4
BTC-USDT,2024-04-20,64897.2
BTC-USDT,2024-04-21,64912.6
BTC-USDT,2024-04-22,66778
BTC-USDT,2024-04-23,66386.3
BTC-USDT,2024-04-24,64250
BTC-USDT,2024-04-25,64478.8
BTC-USDT,2024-04-26,63748.8
BTC-USDT,2024-04-27,63421
BTC-USDT,2024-04-28,63088.3
BTC-USDT,2024-04-29,63842.4
BTC-USDT,2024-04-30,60651.2
BTC-USDT,2024-05-01,58307.6
BTC-USDT,2024-05-02,59036.7
BTC-USDT,2024-05-03,62853.7
BTC-USDT,2024-05-04,63864.2
BTC-USDT,2024-05-05,63988
BTC-USDT,2024-05-06,63142.8
BTC-USDT,2024-05-07,62296
BTC-USDT,2024-05-08,61157.9
BTC-USDT,2024-05-09,63050.1
BTC-USDT,2024-05-10,60778.1
BTC-USDT,2024-05-11,60809.2
BTC-USDT,2024-05-12,61455.8
BTC-USDT,2024-05-13,62912.1
BTC-USDT,2024-05-14,61550.5
BTC-USDT,2024-05-15,66175.4
BTC-USDT,2024-05-16,65217.7
BTC-USDT,2024-05-17,66980
BTC-USDT,2024-05-18,66884.9
BTC-USDT,2024-05-19,66239.4
BTC-USDT,2024-05-20,71466.5
BTC-USDT,2024-05-21,70168.8
BTC-USDT,2024-05-22,69219.1
BTC-USDT,2024-05-23,67999.9
BTC-USDT,2024-05-24,68584.1
BTC-USDT,2024-05-25,69314.4
BTC-USDT,2024-05-26,68524.3
BTC-USDT,2024-05-27,69461.6
BTC-USDT,2024-05-28,68440.5
BTC-USDT,2024-05-29,67686.7
BTC-USDT,2024-05-30,68402.5
BTC-USDT,2024-05-31,67577.9
BTC-USDT,2024-06-01,67799.2
BTC-USDT,2024-06-02,67805.9
BTC-USDT,2024-06-03,68851.4
BTC-USDT,2024-06-04,70580
BTC-USDT,2024-06-05,71133.3
BTC-USDT,2024-06-06,70830
BTC-USDT,2024-06-07,69377
BTC-USDT,2024-06-08,69346.5
BTC-USDT,2024-06-09,69667.1
BTC-USDT,2024-06-10,69558.7
BTC-USDT,2024-06-11,67320.7
BTC-USDT,2024-06-12,68270.3
BTC-USDT,2024-06-13,66786.9
BTC-USDT,2024-06-14,66039.7
BTC-USDT,2024-06-15,66213.7
BTC-USDT,2024-06-16,66653.6
BTC-USDT,2024-06-17,66472.1
BTC-USDT,2024-06-18,65150
BTC-USDT,2024-06-19,64933.6
BTC-USDT,2024-06-20,64854
BTC-USDT,2024-06-21,64124
BTC-USDT,2024-06-22,64240
BTC-USDT,2024-06-23,63194.9
BTC-USDT,2024-06-24,60273.6
BTC-USDT,2024-06-25,61777.8
BTC-USDT,2024-06-26,60860.1
BTC-USDT,2024-06-27,61682
BTC-USDT,2024-06-28,60429.8
BTC-USDT,2024-06-29,60982.4
BTC-USDT,2024-06-30,62766
BTC-USDT,2024-07-01,62883.6
BTC-USDT,2024-07-02,62123.6
BTC-USDT,2024-07-03,60208
BTC-USDT,2024-07-04,57045.9
BTC-USDT,2024-07-05,56604.9
BTC-USDT,2024-07-06,58216
BTC-USDT,2024-07-07,55830.9
BTC-USDT,2024-07-08,56686.4
BTC-USDT,2024-07-09,58023.2
BTC-USDT,2024-07-10,57707
BTC-USDT,2024-07-11,57315.5
BTC-USDT,2024-07-12,57870
BTC-USDT,2024-07-13,59174
BTC-USDT,2024-07-14,60766
BTC-USDT,2024-07-15,64680.6
BTC-USDT,2024-07-16,65010
BTC-USDT,2024-07-17,64055.7
BTC-USDT,2024-07-18,63959.9
BTC-USDT,2024-07-19,66627.9
BTC-USDT,2024-07-20,67095.6
BTC-USDT,2024-07-21,68138
BTC-USDT,2024-07-22,67499.2
BTC-USDT,2024-07-23,65916.4
BTC-USDT,2024-07-24,65350.8
BTC-USDT,2024-07-25,65773
BTC-USDT,2024-07-26,67882.5
BTC-USDT,2024-07-27,67873.8
BTC-USDT,2024-07-28,68215.5
BTC-USDT,2024-07-29,66750
BTC-USDT,2024-07-30,66159.3
BTC-USDT,2024-07-31,64601.8
BTC-USDT,2024-08-01,65328.9
BTC-USDT,2024-08-02,61483.7
BTC-USDT,2024-08-03,60684.6
BTC-USDT,2024-08-04,58144.5
BTC-USDT,2024-08-05,54003.1
BTC-USDT,2024-08-06,55991.2
BTC-USDT,2024-08-07,55102.9
BTC-USDT,2024-08-08,61659.8
BTC-USDT,2024-08-09,60808.6
BTC-USDT,2024-08-10,60889.9
BTC-USDT,2024-08-11,58693.1
BTC-USDT,2024-08-12,59323.6
BTC-USDT,2024-08-13,60550.5
BTC-USDT,2024-08-14,58648.1
BTC-USDT,2024-08-15,57511
BTC-USDT,2024-08-16,58854.9
BTC-USDT,2024-08-17,59468.5
BTC-USDT,2024-08-18,58390
BTC-USDT,2024-08-19,59398.5
BTC-USDT,2024-08-20,58982.9
BTC-USDT,2024-08-21,61120
BTC-USDT,2024-08-22,60349.9
BTC-USDT,2024-08-23,64019.9
BTC-USDT,2024-08-24,64116.5
BTC-USDT,2024-08-25,64190.2
BTC-USDT,2024-08-26,62807.6
BTC-USDT,2024-08-27,59384.5
BTC-USDT,2024-08-28,59010
BTC-USDT,2024-08-29,59323.2
BTC-USDT,2024-08-30,59096.3
BTC-USDT,2024-08-31,58941.9
BTC-USDT,2024-09-01,57268.1
BTC-USDT,2024-09-02,59112.1
BTC-USDT,2024-09-03,57451.9
BTC-USDT,2024-09-04,57944.8
BTC-USDT,2024-09-05,56145.7
BTC-USDT,2024-09-06,53927.7
BTC-USDT,2024-09-07,54134.9
BTC-USDT,2024-09-08,54839.6
BTC-USDT,2024-09-09,57010
BTC-USDT,2024-09-10,57609.1
BTC-USDT,2024-09-11,57306
BTC-USDT,2024-09-12,58097
BTC-USDT,2024-09-13,60456.2
BTC-USDT,2024-09-14,59964
BTC-USDT,2024-09-15,59100.5
BTC-USDT,2024-09-16,58187
BTC-USDT,2024-09-17,60281
BTC-USDT,2024-09-18,61735.3
BTC-USDT,2024-09-19,62926.9
BTC-USDT,2024-09-20,63175.7
BTC-USDT,2024-09-21,63320.6
BTC-USDT,2024-09-22,63558.4
BTC-USDT,2024-09-23,63302
BTC-USDT,2024-09-24,64243.1
BTC-USDT,2024-09-25,63118.4
BTC-USDT,2024-09-26,65139.2
BTC-USDT,2024-09-27,65749.6
BTC-USDT,2024-09-28,65822.6
BTC-USDT,2024-09-29,65568.1
BTC-USDT,2024-09-30,63309.1
BTC-USDT,2024-10-01,60776.8
BTC-USDT,2024-10-02,60622.6
BTC-USDT,2024-10-03,60727.2
BTC-USDT,2024-10-04,62054.4
BTC-USDT,2024-10-05,62023.1
BTC-USDT,2024-10-06,62789.3
BTC-USDT,2024-10-07,62190.7
BTC-USDT,2024-10-08,62131.7
BTC-USDT,2024-10-09,60606.4
BTC-USDT,2024-10-10,60293.2
BTC-USDT,2024-10-11,62509
BTC-USDT,2024-10-12,63176
BTC-USDT,2024-10-13,62839.8
BTC-USDT,2024-10-14,66064.9
BTC-USDT,2024-10-15,67044.1
BTC-USDT,2024-10-16,67592
BTC-USDT,2024-10-17,67401.5
BTC-USDT,2024-10-18,68407.8
BTC-USDT,2024-10-19,68357.1
BTC-USDT,2024-10-20,69020.1
BTC-USDT,2024-10-21,67368.8
BTC-USDT,2024-10-22,67406.4
BTC-USDT,2024-10-23,66647.2
BTC-USDT,2024-10-24,68173.8
BTC-USDT,2024-10-25,66662.8
BTC-USDT,2024-10-26,67071.8
BTC-USDT,2024-10-27,67992.6
BTC-USDT,2024-10-28,69940
BTC-USDT,2024-10-29,72739.5
BTC-USDT,2024-10-30,72349
BTC-USDT,2024-10-31,70321.9
BTC-USDT,2024-11-01,69495.5
BTC-USDT,2024-11-02,69366.6
BTC-USDT,2024-11-03,68762.5
BTC-USDT,2024-11-04,67834.3
BTC-USDT,2024-11-05,69353.1
BTC-USDT,2024-11-06,75579.9
BTC-USDT,2024-11-07,75859.4
BTC-USDT,2024-11-08,76482.2
BTC-USDT,2024-11-09,76675.1
BTC-USDT,2024-11-10,80410
BTC-USDT,2024-11-11,88728.9
BTC-USDT,2024-11-12,87972
BTC-USDT,2024-11-13,90413.3
BTC-USDT,2024-11-14,87382.7
BTC-USDT,2024-11-15,91074.6
BTC-USDT,2024-11-16,90643.3
BTC-USDT,2024-11-17,89899.9
BTC-USDT,2024-11-18,90507.4
BTC-USDT,2024-11-19,92335.9
BTC-USDT,2024-11-20,94288
BTC-USDT,2024-11-21,98366.8
BTC-USDT,2024-11-22,98921.4
BTC-USDT,2024-11-23,97725.5
BTC-USDT,2024-11-24,97960.4
BTC-USDT,2024-11-25,93064
BTC-USDT,2024-11-26,92021.4
BTC-USDT,2024-11-27,95905.2
BTC-USDT,2024-11-28,95694.4
BTC-USDT,2024-11-29,97516.3
BTC-USDT,2024-11-30,96475.1
BTC-USDT,2024-12-01,97265.1
BTC-USDT,2024-12-02,95890.5
BTC-USDT,2024-12-03,95913.3
BTC-USDT,2024-12-04,98669.8
BTC-USDT,2024-12-05,97001.5
BTC-USDT,2024-12-06,99802.5
BTC-USDT,2024-12-07,99899.2
BTC-USDT,2024-12-08,101200
BTC-USDT,2024-12-09,97349.1
BTC-USDT,2024-12-10,96602.4
BTC-USDT,2024-12-11,101115.3
BTC-USDT,2024-12-12,99982.4
BTC-USDT,2024-12-13,101371.9
BTC-USDT,2024-12-14,101381
BTC-USDT,2024-12-15,104460.4
BTC-USDT,2024-12-16,106023.2
BTC-USDT,2024-12-17,106074.6
BTC-USDT,2024-12-18,100181.1
BTC-USDT,2024-12-19,97434.4
BTC-USDT,2024-12-20,97764.4
BTC-USDT,2024-12-21,97261.8
BTC-USDT,2024-12-22,95153.5
BTC-USDT,2024-12-23,94861.1
BTC-USDT,2024-12-24,98627.2
BTC-USDT,2024-12-25,99379.7
BTC-USDT,2024-12-26,95751
BTC-USDT,2024-12-27,94258.9
BTC-USDT,2024-12-28,95259.1
BTC-USDT,2024-12-29,93700
BTC-USDT,2024-12-30,92759.3
BTC-USDT,2024-12-31,93548.9
BTC-USDT,2025-01-01,94580.9
BTC-USDT,2025-01-02,96967.5
BTC-USDT,2025-01-03,98145.7
BTC-USDT,2025-01-04,98173.2
BTC-USDT,2025-01-05,98340.2
BTC-USDT,2025-01-06,102180.4
BTC-USDT,2025-01-07,96920.3
BTC-USDT,2025-01-08,95014.1
BTC-USDT,2025-01-09,92505.9
BTC-USDT,2025-01-10,94675.5
BTC-USDT,2025-01-11,94562.5
BTC-USDT,2025-01-12,94499.9
BTC-USDT,2025-01-13,94485.3
BTC-USDT,2025-01-14,96514.9
BTC-USDT,2025-01-15,100460
BTC-USDT,2025-01-16,99937.4
BTC-USDT,2025-01-17,104042.5
BTC-USDT,2025-01-18,104524.3
BTC-USDT,2025-01-19,101311.5
BTC-USDT,2025-01-20,102247.6
BTC-USDT,2025-01-21,106114.5
BTC-USDT,2025-01-22,103664.9
BTC-USDT,2025-01-23,103864.1
BTC-USDT,2025-01-24,104808.1
BTC-USDT,2025-01-25,104702
BTC-USDT,2025-01-26,102560.1
BTC-USDT,2025-01-27,102021.3
BTC-USDT,2025-01-28,101279.6
BTC-USDT,2025-01-29,103698.2
BTC-USDT,2025-01-30,104676.9
BTC-USDT,2025-01-31,102379.7
BTC-USDT,2025-02-01,100603.6
BTC-USDT,2025-02-02,97664.5
BTC-USDT,2025-02-03,101293.7
BTC-USDT,2025-02-04,97709.9
BTC-USDT,2025-02-05,96553.2
BTC-USDT,2025-02-06,96515.1
BTC-USDT,2025-02-07,96454.5
BTC-USDT,2025-02-08,96411.9
BTC-USDT,2025-02-09,96423.6
BTC-USDT,2025-02-10,97379.2
BTC-USDT,2025-02-11,95731.4
BTC-USDT,2025-02-12,97816.3
BTC-USDT,2025-02-13,96560.6
BTC-USDT,2025-02-14,97445.1
BTC-USDT,2025-02-15,97538
BTC-USDT,2025-02-16,96067
BTC-USDT,2025-02-17,95743.2
BTC-USDT,2025-02-18,95622
BTC-USDT,2025-02-19,96598
BTC-USDT,2025-02-20,98252.9
BTC-USDT,2025-02-21,96127.9
BTC-USDT,2025-02-22,96503.3
BTC-USDT,2025-02-23,96218.4
BTC-USDT,2025-02-24,91514.5
BTC-USDT,2025-02-25,88639.1
BTC-USDT,2025-02-26,84208.5
BTC-USDT,2025-02-27,84668.1
BTC-USDT,2025-02-28,84299.6
BTC-USDT,2025-03-01,86007.7
BTC-USDT,2025-03-02,94222.8
BTC-USDT,2025-03-03,86192.7
BTC-USDT,2025-03-04,87245.9
BTC-USDT,2025-03-05,90566.1
BTC-USDT,2025-03-06,89887.8
BTC-USDT,2025-03-07,86753.8
BTC-USDT,2025-03-08,86184.7
BTC-USDT,2025-03-09,80688.8
BTC-USDT,2025-03-10,78567.8
BTC-USDT,2025-03-11,82896
BTC-USDT,2025-03-12,83640.7
BTC-USDT,2025-03-13,81085.4
BTC-USDT,2025-03-14,83939.8
BTC-USDT,2025-03-15,84302.9
BTC-USDT,2025-03-16,82541.6
BTC-USDT,2025-03-17,83962.9
BTC-USDT,2025-03-18,82666.1
BTC-USDT,2025-03-19,86809.8
BTC-USDT,2025-03-20,84183.6
BTC-USDT,2025-03-21,84050.3
BTC-USDT,2025-03-22,83804.9
BTC-USDT,2025-03-23,86044.2
BTC-USDT,2025-03-24,87463.4
BTC-USDT,2025-03-25,87369.8
BTC-USDT,2025-03-26,86873.8
BTC-USDT,2025-03-27,87191.2
BTC-USDT,2025-03-28,84380.8
BTC-USDT,2025-03-29,82604.7
BTC-USDT,2025-03-30,82352.8
BTC-USDT,2025-03-31,82517.5
BTC-USDT,2025-04-01,85120.9
BTC-USDT,2025-04-02,82485.1
BTC-USDT,2025-04-03,83181.5
BTC-USDT,2025-04-04,83861.3
BTC-USDT,2025-04-05,83506.1
BTC-USDT,2025-04-06,78390
BTC-USDT,2025-04-07,79140
BTC-USDT,2025-04-08,76297.9
BTC-USDT,2025-04-09,82588
BTC-USDT,2025-04-10,79560.2
BTC-USDT,2025-04-11,83378.3
BTC-USDT,2025-04-12,85237.8
BTC-USDT,2025-04-13,83713.7
BTC-USDT,2025-04-14,84553.9
BTC-USDT,2025-04-15,83608.7
BTC-USDT,2025-04-16,83990
BTC-USDT,2025-04-17,84915
BTC-USDT,2025-04-18,84421
BTC-USDT,2025-04-19,85046.9
BTC-USDT,2025-04-20,85138.8
BTC-USDT,2025-04-21,87466
BTC-USDT,2025-04-22,93404.9
BTC-USDT,2025-04-23,93632.1
BTC-USDT,2025-04-24,93931.6
BTC-USDT,2025-04-25,94591.8
BTC-USDT,2025-04-26,94575.7
BTC-USDT,2025-04-27,93697.1
BTC-USDT,2025-04-28,94969
BTC-USDT,2025-04-29,94200.1
BTC-USDT,2025-04-30,94125.1
BTC-USDT,2025-05-01,96423.3
BTC-USDT,2025-05-02,96831.2
BTC-USDT,2025-05-03,95803.3
BTC-USDT,2025-05-04,94230.2
BTC-USDT,2025-05-05,94696.7
BTC-USDT,2025-05-06,96798.9
BTC-USDT,2025-05-07,96988.4
BTC-USDT,2025-05-08,103228.1
BTC-USDT,2025-05-09,102941.9
BTC-USDT,2025-05-10,104788.8
BTC-USDT,2025-05-11,104072.7
BTC-USDT,2025-05-12,102739.3
BTC-USDT,2025-05-13,104082
BTC-USDT,2025-05-14,103458.1
BTC-USDT,2025-05-15,103714.5
BTC-USDT,2025-05-16,103412.2
BTC-USDT,2025-05-17,103079.6
BTC-USDT,2025-05-18,106407.6
BTC-USDT,2025-05-19,105531.6
BTC-USDT,2025-05-20,106800.1
BTC-USDT,2025-05-21,109609.5
BTC-USDT,2025-05-22,111662.7
BTC-USDT,2025-05-23,107271.5
BTC-USDT,2025-05-24,107698.9
BTC-USDT,2025-05-25,108955.9
BTC-USDT,2025-05-26,109386.8
BTC-USDT,2025-05-27,108889.3
BTC-USDT,2025-05-28,107723.1
BTC-USDT,2025-05-29,105539.9
BTC-USDT,2025-05-30,103950
BTC-USDT,2025-05-31,104544.7
BTC-USDT,2025-06-01,105583.3
BTC-USDT,2025-06-02,105814.3
BTC-USDT,2025-06-03,105330.1
BTC-USDT,2025-06-04,104641.8
BTC-USDT,2025-06-05,101458.6
BTC-USDT,2025-06-06,104240
BTC-USDT,2025-06-07,105507.5
BTC-USDT,2025-06-08,105676.5
BTC-USDT,2025-06-09,110227.9
BTC-USDT,2025-06-10,110235.4
BTC-USDT,2025-06-11,108600
BTC-USDT,2025-06-12,105609.5
BTC-USDT,2025-06-13,106027.3
BTC-USDT,2025-06-14,105359.9
BTC-USDT,2025-06-15,105534.6
BTC-USDT,2025-06-16,106750.1
BTC-USDT,2025-06-17,104508
BTC-USDT,2025-06-18,104832.8
BTC-USDT,2025-06-19,104607.1
BTC-USDT,2025-06-20,103246.1
BTC-USDT,2025-06-21,102079.8
BTC-USDT,2025-06-22,100904.7
BTC-USDT,2025-06-23,105290.9
BTC-USDT,2025-06-24,106034.9
BTC-USDT,2025-06-25,107280
BTC-USDT,2025-06-26,106913.7
BTC-USDT,2025-06-27,107010.7
BTC-USDT,2025-06-28,107241
BTC-USDT,2025-06-29,108309.8
BTC-USDT,2025-06-30,107087.4
BTC-USDT,2025-07-01,105637.9
BTC-USDT,2025-07-02,108800
BTC-USDT,2025-07-03,109545.2
BTC-USDT,2025-07-04,107935.4
BTC-USDT,2025-07-05,108153.4
BTC-USDT,2025-07-06,109145.8
BTC-USDT,2025-07-07,108203.9
BTC-USDT,2025-07-08,108873.1
BTC-USDT,2025-07-09,111199.9
BTC-USDT,2025-07-10,115979.2
BTC-USDT,2025-07-11,117500
BTC-USDT,2025-07-12,117389.3
BTC-USDT,2025-07-13,119038.3
BTC-USDT,2025-07-14,119816.5
BTC-USDT,2025-07-15,117738.5
BTC-USDT,2025-07-16,118590.7
BTC-USDT,2025-07-17,119176.6
BTC-USDT,2025-07-18,117896.4
BTC-USDT,2025-07-19,117814.4
BTC-USDT,2025-07-20,117216
BTC-USDT,2025-07-21,117330.2
BTC-USDT,2025-07-22,119993.7
BTC-USDT,2025-07-23,118713.5
BTC-USDT,2025-07-24,118294.3
BTC-USDT,2025-07-25,117583.5
BTC-USDT,2025-07-26,117889.2
BTC-USDT,2025-07-27,119423.4
BTC-USDT,2025-07-28,118041.4
BTC-USDT,2025-07-29,117897
BTC-USDT,2025-07-30,117771
BTC-USDT,2025-07-31,115697.3
BTC-USDT,2025-08-01,113244.8
BTC-USDT,2025-08-02,112508.8
BTC-USDT,2025-08-03,114150.8
BTC-USDT,2025-08-04,115002.1
BTC-USDT,2025-08-05,114069.6
BTC-USDT,2025-08-06,114941
BTC-USDT,2025-08-07,117419.9
BTC-USDT,2025-08-08,116628.2
BTC-USDT,2025-08-09,116422.1
BTC-USDT,2025-08-10,119255.3
BTC-USDT,2025-08-11,118641.9
BTC-USDT,2025-08-12,120081
BTC-USDT,2025-08-13,123323.9
BTC-USDT,2025-08-14,118242.2
BTC-USDT,2025-08-15,117279.2
BTC-USDT,2025-08-16,117329.7
BTC-USDT,2025-08-17,117353.8
BTC-USDT,2025-08-18,116183.6
BTC-USDT,2025-08-19,112824.2
BTC-USDT,2025-08-20,114220.5
BTC-USDT,2025-08-21,112462.2
BTC-USDT,2025-08-22,116897.5
BTC-USDT,2025-08-23,115377.1
BTC-USDT,2025-08-24,113446.3
BTC-USDT,2025-08-25,110064
BTC-USDT,2025-08-26,111709.9
BTC-USDT,2025-08-27,111194.9
BTC-USDT,2025-08-28,112507.3
BTC-USDT,2025-08-29,108332.4
BTC-USDT,2025-08-30,108757.9
BTC-USDT,2025-08-31,108208.4
BTC-USDT,2025-09-01,109187.9
BTC-USDT,2025-09-02,111188
BTC-USDT,2025-09-03,111659.8
BTC-USDT,2025-09-04,110679.4
BTC-USDT,2025-09-05,110614.9
BTC-USDT,2025-09-06,110135.3
BTC-USDT,2025-09-07,111076
BTC-USDT,2025-09-08,112012.6
BTC-USDT,2025-09-09,111499.9
BTC-USDT,2025-09-10,113896.8
BTC-USDT,2025-09-11,115427
BTC-USDT,2025-09-12,115978.4
BTC-USDT,2025-09-13,115862.7
BTC-USDT,2025-09-14,115210
BTC-USDT,2025-09-15,115300.6
BTC-USDT,2025-09-16,116747.3
BTC-USDT,2025-09-17,116402.5
BTC-USDT,2025-09-18,117017.1
BTC-USDT,2025-09-19,115569.5
BTC-USDT,2025-09-20,115624.9
BTC-USDT,2025-09-21,115183.9
BTC-USDT,2025-09-22,112604.7
BTC-USDT,2025-09-23,111947
BTC-USDT,2025-09-24,113254
BTC-USDT,2025-09-25,108934.5
BTC-USDT,2025-09-26,109588.5
BTC-USDT,2025-09-27,109577.3
BTC-USDT,2025-09-28,112119.6
BTC-USDT,2025-09-29,114257.1
BTC-USDT,2025-09-30,113988.8
BTC-USDT,2025-10-01,118552.4
BTC-USDT,2025-10-02,120481.3
BTC-USDT,2025-10-03,122182.7
BTC-USDT,2025-10-04,122343.2
BTC-USDT,2025-10-05,123426.7
BTC-USDT,2025-10-06,124628.5
BTC-USDT,2025-10-07,121286.5
BTC-USDT,2025-10-08,123237.5
BTC-USDT,2025-10-09,121579.3
BTC-USDT,2025-10-10,112714.9
BTC-USDT,2025-10-11,110579.1
BTC-USDT,2025-10-12,114894.4
BTC-USDT,2025-10-13,115111.9
BTC-USDT,2025-10-14,112983.8
BTC-USDT,2025-10-15,110699
BTC-USDT,2025-10-16,108129.4
BTC-USDT,2025-10-17,106378.6
BTC-USDT,2025-10-18,107117.5
BTC-USDT,2025-10-19,108586.2
BTC-USDT,2025-10-20,110469.9
BTC-USDT,2025-10-21,108253.7
BTC-USDT,2025-10-22,107532
BTC-USDT,2025-10-23,110025.9
BTC-USDT,2025-10-24,110965.4
BTC-USDT,2025-10-25,111589.4
BTC-USDT,2025-10-26,114497.8
BTC-USDT,2025-10-27,114064.1
BTC-USDT,2025-10-28,112833.5
BTC-USDT,2025-10-29,109985.6
BTC-USDT,2025-10-30,108263.5
BTC-USDT,2025-10-31,109557.3
BTC-USDT,2025-11-01,110047.2
BTC-USDT,2025-11-02,110494.9
BTC-USDT,2025-11-03,106544
BTC-USDT,2025-11-04,101450.3
BTC-USDT,2025-11-05,103837
BTC-USDT,2025-11-06,101305.6
BTC-USDT,2025-11-07,103305.2
BTC-USDT,2025-11-08,102269.3
BTC-USDT,2025-11-09,104670.6
BTC-USDT,2025-11-10,105966.3
BTC-USDT,2025-11-11,103005.8
BTC-USDT,2025-11-12,101605.8
BTC-USDT,2025-11-13,99654.3
BTC-USDT,2025-11-14,94544.9
BTC-USDT,2025-11-15,95560.3
BTC-USDT,2025-11-16,94221.7
BTC-USDT,2025-11-17,92169.7
BTC-USDT,2025-11-18,92916.9
BTC-USDT,2025-11-19,91508.9
BTC-USDT,2025-11-20,86601.3
BTC-USDT,2025-11-21,85093.5
BTC-USDT,2025-11-22,84689.4
BTC-USDT,2025-11-23,86807.7
BTC-USDT,2025-11-24,88247.1
BTC-USDT,2025-11-25,87324.1
BTC-USDT,2025-11-26,90438.1
BTC-USDT,2025-11-27,91292.2
BTC-USDT,2025-11-28,90847.8
BTC-USDT,2025-11-29,90765
BTC-USDT,2025-11-30,90320.6
BTC-USDT,2025-12-01,86241.6
BTC-USDT,2025-12-02,91249.1
BTC-USDT,2025-12-03,93376.7
BTC-USDT,2025-12-04,92034.7
BTC-USDT,2025-12-05,89288.5
BTC-USDT,2025-12-06,89197.1
BTC-USDT,2025-12-07,90345.4
BTC-USDT,2025-12-08,90610.8
BTC-USDT,2025-12-09,92638.4
BTC-USDT,2025-12-10,91977.5
BTC-USDT,2025-12-11,92477.5
BTC-USDT,2025-12-12,90229.6
BTC-USDT,2025-12-13,90191.3
BTC-USDT,2025-12-14,88118.8
BTC-USDT,2025-12-15,86389.9
BTC-USDT,2025-12-16,87826.3
BTC-USDT,2025-12-17,86201.6
BTC-USDT,2025-12-18,85469.7
BTC-USDT,2025-12-19,88100
BTC-USDT,2025-12-20,88320.8
BTC-USDT,2025-12-21,88621.3
BTC-USDT,2025-12-22,88581.5
BTC-USDT,2025-12-23,87463
BTC-USDT,2025-12-24,87627.3
BTC-USDT,2025-12-25,87182.8
BTC-USDT,2025-12-26,87318.2
BTC-USDT,2025-12-27,87829.4
BTC-USDT,2025-12-28,87920.5
BTC-USDT,2025-12-29,87203.3
BTC-USDT,2025-12-30,88455.3
BTC-USDT,2025-12-31,87608.2
BTC-USDT,2026-01-01,88800
BTC-USDT,2026-01-02,89951.4
BTC-USDT,2026-01-03,90595.8
BTC-USDT,2026-01-04,91497.1
BTC-USDT,2026-01-05,93822.4
BTC-USDT,2026-01-06,93708
BTC-USDT,2026-01-07,91328
BTC-USDT,2026-01-08,91059.8
BTC-USDT,2026-01-09,90603.6
BTC-USDT,2026-01-10,90469.6
BTC-USDT,2026-01-11,90964.4
BTC-USDT,2026-01-12,91252.6
BTC-USDT,2026-01-13,95375.2
BTC-USDT,2026-01-14,96907.9
BTC-USDT,2026-01-15,95567.3
BTC-USDT,2026-01-16,95503.7
BTC-USDT,2026-01-17,95107.9
BTC-USDT,2026-01-18,93614
BTC-USDT,2026-01-19,92589.6
BTC-USDT,2026-01-20,88390.6
BTC-USDT,2026-01-21,89411.4
BTC-USDT,2026-01-22,89518.5
BTC-USDT,2026-01-23,89558.7
BTC-USDT,2026-01-24,89180.7
BTC-USDT,2026-01-25,86628.9
BTC-USDT,2026-01-26,88300.6
BTC-USDT,2026-01-27,89197.8
BTC-USDT,2026-01-28,89261.7
BTC-USDT,2026-01-29,84604.7
BTC-USDT,2026-01-30,84211.4
BTC-USDT,2026-01-31,78706.8
BTC-USDT,2026-02-01,76931.5
BTC-USDT,2026-02-02,78692.5
BTC-USDT,2026-02-03,75732.4
BTC-USDT,2026-02-04,73137.4
BTC-USDT,2026-02-05,62868.1
BTC-USDT,2026-02-06,70544.5
BTC-USDT,2026-02-07,69254.2
BTC-USDT,2026-02-08,70288.1
BTC-USDT,2026-02-09,70110.5
BTC-USDT,2026-02-10,68805.3
BTC-USDT,2026-02-11,67054.4
BTC-USDT,2026-02-12,66243.1
BTC-USDT,2026-02-13,68821.5
BTC-USDT,2026-02-14,69795.4
BTC-USDT,2026-02-15,68796.9
BTC-USDT,2026-02-16,68862.5
BTC-USDT,2026-02-17,67475.9
BTC-USDT,2026-02-18,66422.8
BTC-USDT,2026-02-19,66974
BTC-USDT,2026-02-20,67979.3
BTC-USDT,2026-02-21,67933.1
BTC-USDT,2026-02-22,67613.5
BTC-USDT,2026-02-23,64625.8
BTC-USDT,2026-02-24,64031.3
BTC-USDT,2026-02-25,67952.5
BTC-USDT,2026-02-26,67448.2
BTC-USDT,2026-02-27,65836
BTC-USDT,2026-02-28,66937.1
BTC-USDT,2026-03-01,65750
BTC-USDT,2026-03-02,68801.8
BTC-USDT,2026-03-03,68295.3
BTC-USDT,2026-03-04,72641.4
BTC-USDT,2026-03-05,70854.8
BTC-USDT,2026-03-06,68083
BTC-USDT,2026-03-07,67232.1
BTC-USDT,2026-03-08,65934.3
BTC-USDT,2026-03-09,68394.1
BTC-USDT,2026-03-10,69901.9
BTC-USDT,2026-03-11,70150
BTC-USDT,2026-03-12,70480.1
BTC-USDT,2026-03-13,70895.5
BTC-USDT,2026-03-14,71174.4
BTC-USDT,2026-03-15,72778.9
BTC-USDT,2026-03-16,74846.4
BTC-USDT,2026-03-17,73872.4
BTC-USDT,2026-03-18,71202.9
BTC-USDT,2026-03-19,69887.4
BTC-USDT,2026-03-20,70472.7
BTC-USDT,2026-03-21,68881.5
BTC-USDT,2026-03-22,67830.6
BTC-USDT,2026-03-23,70865.9
BTC-USDT,2026-03-24,70523.9
BTC-USDT,2026-03-25,71297.5
BTC-USDT,2026-03-26,68788
BTC-USDT,2026-03-27,66364.2
BTC-USDT,2026-03-28,66334.8
BTC-USDT,2026-03-29,65977.9
BTC-USDT,2026-03-30,66764.4
BTC-USDT,2026-03-31,68241.5
BTC-USDT,2026-04-01,68086.5
BTC-USDT,2026-04-02,66868.5
BTC-USDT,2026-04-03,66930
BTC-USDT,2026-04-04,67271
BTC-USDT,2026-04-05,68997.9
BTC-USDT,2026-04-06,68817.9
BTC-USDT,2026-04-07,71890.2
BTC-USDT,2026-04-08,71038.1
BTC-USDT,2026-04-09,71750.4
BTC-USDT,2026-04-10,72917.4
BTC-USDT,2026-04-11,73013.4
BTC-USDT,2026-04-12,70711.1
BTC-USDT,2026-04-13,74385
BTC-USDT,2026-04-14,74106.9
BTC-USDT,2026-04-15,74776.2
BTC-USDT,2026-04-16,75106.8
BTC-USDT,2026-04-17,77030.6
BTC-USDT,2026-04-18,75653.8
BTC-USDT,2026-04-19,73758.4
BTC-USDT,2026-04-20,75790.1
BTC-USDT,2026-04-21,76288.2
BTC-USDT,2026-04-22,78139.8
BTC-USDT,2026-04-23,78216.8
BTC-USDT,2026-04-24,77395.4
BTC-USDT,2026-04-25,77585
BTC-USDT,2026-04-26,78613.5
BTC-USDT,2026-04-27,77331.2
BTC-USDT,2026-04-28,76298.1
BTC-USDT,2026-04-29,75749.9
BTC-USDT,2026-04-30,76305.4
BTC-USDT,2026-05-01,78192
BTC-USDT,2026-05-02,78652.9
BTC-USDT,2026-05-03,78529
BTC-USDT,2026-05-04,79826.1
BTC-USDT,2026-05-05,80861.9
BTC-USDT,2026-05-06,81390.1
BTC-USDT,2026-05-07,79969.4
BTC-USDT,2026-05-08,80155.2
BTC-USDT,2026-05-09,80634
BTC-USDT,2026-05-10,82177.7
BTC-USDT,2026-05-11,81699.1
BTC-USDT,2026-05-12,80461
BTC-USDT,2026-05-13,79288.3
BTC-USDT,2026-05-14,81048.9
BTC-USDT,2026-05-15,79074
BTC-USDT,2026-05-16,78104.2
BTC-USDT,2026-05-17,77430.4
BTC-USDT,2026-05-18,76963.2
BTC-USDT,2026-05-19,76799.9
BTC-USDT,2026-05-20,77510.3
BTC-USDT,2026-05-21,77586.2
BTC-USDT,2026-05-22,75513.1
BTC-USDT,2026-05-23,76715.2
BTC-USDT,2026-05-24,77030.3
BTC-USDT,2026-05-25,77281.5
BTC-USDT,2026-05-26,75905.5
BTC-USDT,2026-05-27,74418.1
BTC-USDT,2026-05-28,73591.4
BTC-USDT,2026-05-29,73428.2
BTC-USDT,2026-05-30,73856.8
BTC-USDT,2026-05-31,73653.2
BTC-USDT,2026-06-01,71391.5
BTC-USDT,2026-06-02,66730
BTC-USDT,2026-06-03,64117.7
BTC-USDT,2026-06-04,63853.4
BTC-USDT,2026-06-05,61022
BTC-USDT,2026-06-06,60849.7
BTC-USDT,2026-06-07,63298.5
BTC-USDT,2026-06-08,63057.9
BTC-USDT,2026-06-09,61695
BTC-USDT,2026-06-10,61483.7
BTC-USDT,2026-06-11,63597.9
BTC-USDT,2026-06-12,63547
BTC-USDT,2026-06-13,64418.2
BTC-USDT,2026-06-14,65702.1
BTC-USDT,2026-06-15,66285.9
BTC-USDT,2026-06-16,65644.8
BTC-USDT,2026-06-17,64472.9
BTC-USDT,2026-06-18,62924.1
BTC-USDT,2026-06-19,63512.6
BTC-USDT,2026-06-20,64270
BTC-USDT,2026-06-21,63287.1
BTC-USDT,2026-06-22,63990.2
BTC-USDT,2026-06-23,62696.7
BTC-USDT,2026-06-24,61051.2
BTC-USDT,2026-06-25,59771.9
BTC-USDT,2026-06-26,60072
BTC-USDT,2026-06-27,60000.3
BTC-USDT,2026-06-28,59550.2
BTC-USDT,2026-06-29,60224.7
BTC-USDT,2026-06-30,58605.4
BTC-USDT,2026-07-01,59999.6
BTC-USDT,2026-07-02,61540.6
BTC-USDT,2026-07-03,62565.5
BTC-USDT,2026-07-04,63114.8
BTC-USDT,2026-07-05,63617.1
BTC-USDT,2026-07-06,64023.6
BTC-USDT,2026-07-07,63335.4
BTC-USDT,2026-07-08,62255.3
BTC-USDT,2026-07-09,63197
BTC-USDT,2026-07-10,64129.5
BTC-USDT,2026-07-11,63783
BTC-USDT,2026-07-12,63750
BTC-USDT,2026-07-13,62307
BTC-USDT,2026-07-14,65014.7
BTC-USDT,2026-07-15,64721.4
BTC-USDT,2026-07-16,63801
BTC-USDT,2026-07-17,63909.9
BTC-USDT,2026-07-18,64806.7
BTC-USDT,2026-07-19,64694.7
BTC-USDT,2026-07-20,65224.8
BTC-USDT,2026-07-21,66269.7
ETH-USDT,2019-12-02,148.59
ETH-USDT,2019-12-03,147.1
ETH-USDT,2019-12-04,145.35
ETH-USDT,2019-12-05,148.04
ETH-USDT,2019-12-06,148.41
ETH-USDT,2019-12-07,147.1
ETH-USDT,2019-12-08,150.41
ETH-USDT,2019-12-09,147.37
ETH-USDT,2019-12-10,145.55
ETH-USDT,2019-12-11,143.35
ETH-USDT,2019-12-12,144.8
ETH-USDT,2019-12-13,144.7
ETH-USDT,2019-12-14,141.77
ETH-USDT,2019-12-15,142.39
ETH-USDT,2019-12-16,132.59
ETH-USDT,2019-12-17,121.87
ETH-USDT,2019-12-18,132.74
ETH-USDT,2019-12-19,128.03
ETH-USDT,2019-12-20,128.13
ETH-USDT,2019-12-21,126.99
ETH-USDT,2019-12-22,132.14
ETH-USDT,2019-12-23,127.73
ETH-USDT,2019-12-24,127.76
ETH-USDT,2019-12-25,125.06
ETH-USDT,2019-12-26,125.53
ETH-USDT,2019-12-27,126.21
ETH-USDT,2019-12-28,128.04
ETH-USDT,2019-12-29,134.28
ETH-USDT,2019-12-30,131.52
ETH-USDT,2019-12-31,129.12
ETH-USDT,2020-01-01,130.62
ETH-USDT,2020-01-02,127.11
ETH-USDT,2020-01-03,134.29
ETH-USDT,2020-01-04,134.14
ETH-USDT,2020-01-05,135.33
ETH-USDT,2020-01-06,144.04
ETH-USDT,2020-01-07,142.86
ETH-USDT,2020-01-08,140.75
ETH-USDT,2020-01-09,137.73
ETH-USDT,2020-01-10,144.8
ETH-USDT,2020-01-11,142.4
ETH-USDT,2020-01-12,146.57
ETH-USDT,2020-01-13,143.58
ETH-USDT,2020-01-14,165.77
ETH-USDT,2020-01-15,166.6
ETH-USDT,2020-01-16,164.37
ETH-USDT,2020-01-17,170.06
ETH-USDT,2020-01-18,174.43
ETH-USDT,2020-01-19,167.04
ETH-USDT,2020-01-20,167.03
ETH-USDT,2020-01-21,169.52
ETH-USDT,2020-01-22,168.19
ETH-USDT,2020-01-23,162.97
ETH-USDT,2020-01-24,162.63
ETH-USDT,2020-01-25,160.52
ETH-USDT,2020-01-26,167.9
ETH-USDT,2020-01-27,170.21
ETH-USDT,2020-01-28,175.88
ETH-USDT,2020-01-29,173.8
ETH-USDT,2020-01-30,185.14
ETH-USDT,2020-01-31,180.14
ETH-USDT,2020-02-01,183.82
ETH-USDT,2020-02-02,188.59
ETH-USDT,2020-02-03,189.92
ETH-USDT,2020-02-04,189.01
ETH-USDT,2020-02-05,204.1
ETH-USDT,2020-02-06,213.27
ETH-USDT,2020-02-07,223.57
ETH-USDT,2020-02-08,223.57
ETH-USDT,2020-02-09,228.64
ETH-USDT,2020-02-10,223.03
ETH-USDT,2020-02-11,237.16
ETH-USDT,2020-02-12,266.24
ETH-USDT,2020-02-13,268.48
ETH-USDT,2020-02-14,285.4
ETH-USDT,2020-02-15,265.08
ETH-USDT,2020-02-16,258.87
ETH-USDT,2020-02-17,268
ETH-USDT,2020-02-18,282.96
ETH-USDT,2020-02-19,258.43
ETH-USDT,2020-02-20,257.11
ETH-USDT,2020-02-21,265.44
ETH-USDT,2020-02-22,261.83
ETH-USDT,2020-02-23,274.67
ETH-USDT,2020-02-24,265.7
ETH-USDT,2020-02-25,247.03
ETH-USDT,2020-02-26,224.1
ETH-USDT,2020-02-27,227.92
ETH-USDT,2020-02-28,227.09
ETH-USDT,2020-02-29,217.31
ETH-USDT,2020-03-01,218.01
ETH-USDT,2020-03-02,232.22
ETH-USDT,2020-03-03,224.1
ETH-USDT,2020-03-04,224.47
ETH-USDT,2020-03-05,228.64
ETH-USDT,2020-03-06,244.94
ETH-USDT,2020-03-07,237.34
ETH-USDT,2020-03-08,199.54
ETH-USDT,2020-03-09,203.02
ETH-USDT,2020-03-10,200.95
ETH-USDT,2020-03-11,194.81
ETH-USDT,2020-03-12,106.71
ETH-USDT,2020-03-13,134.13
ETH-USDT,2020-03-14,122.55
ETH-USDT,2020-03-15,123.89
ETH-USDT,2020-03-16,111.06
ETH-USDT,2020-03-17,115.68
ETH-USDT,2020-03-18,118.16
ETH-USDT,2020-03-19,136.42
ETH-USDT,2020-03-20,133.52
ETH-USDT,2020-03-21,132.67
ETH-USDT,2020-03-22,122.25
ETH-USDT,2020-03-23,135.96
ETH-USDT,2020-03-24,138.38
ETH-USDT,2020-03-25,136.1
ETH-USDT,2020-03-26,138.41
ETH-USDT,2020-03-27,131.27
ETH-USDT,2020-03-28,130.95
ETH-USDT,2020-03-29,124.4
ETH-USDT,2020-03-30,132.04
ETH-USDT,2020-03-31,132.61
ETH-USDT,2020-04-01,135.6
ETH-USDT,2020-04-02,141.3
ETH-USDT,2020-04-03,141.23
ETH-USDT,2020-04-04,144.02
ETH-USDT,2020-04-05,142.59
ETH-USDT,2020-04-06,171.15
ETH-USDT,2020-04-07,164.55
ETH-USDT,2020-04-08,173.19
ETH-USDT,2020-04-09,169.46
ETH-USDT,2020-04-10,157.69
ETH-USDT,2020-04-11,158.19
ETH-USDT,2020-04-12,158.72
ETH-USDT,2020-04-13,156.37
ETH-USDT,2020-04-14,158.43
ETH-USDT,2020-04-15,152.64
ETH-USDT,2020-04-16,172.27
ETH-USDT,2020-04-17,170.56
ETH-USDT,2020-04-18,187.48
ETH-USDT,2020-04-19,179.97
ETH-USDT,2020-04-20,170.19
ETH-USDT,2020-04-21,170.66
ETH-USDT,2020-04-22,182.63
ETH-USDT,2020-04-23,185.53
ETH-USDT,2020-04-24,187.65
ETH-USDT,2020-04-25,194.25
ETH-USDT,2020-04-26,197.46
ETH-USDT,2020-04-27,196.37
ETH-USDT,2020-04-28,196.31
ETH-USDT,2020-04-29,215.5
ETH-USDT,2020-04-30,206.22
ETH-USDT,2020-05-01,212.22
ETH-USDT,2020-05-02,213.99
ETH-USDT,2020-05-03,209.95
ETH-USDT,2020-05-04,206.73
ETH-USDT,2020-05-05,205.39
ETH-USDT,2020-05-06,199.06
ETH-USDT,2020-05-07,212.25
ETH-USDT,2020-05-08,211.47
ETH-USDT,2020-05-09,210.31
ETH-USDT,2020-05-10,187.52
ETH-USDT,2020-05-11,185.69
ETH-USDT,2020-05-12,189.64
ETH-USDT,2020-05-13,199.54
ETH-USDT,2020-05-14,203.13
ETH-USDT,2020-05-15,194.71
ETH-USDT,2020-05-16,200.39
ETH-USDT,2020-05-17,206.93
ETH-USDT,2020-05-18,214.83
ETH-USDT,2020-05-19,214.7
ETH-USDT,2020-05-20,209.96
ETH-USDT,2020-05-21,198.68
ETH-USDT,2020-05-22,207.28
ETH-USDT,2020-05-23,206.51
ETH-USDT,2020-05-24,199.7
ETH-USDT,2020-05-25,204.1
ETH-USDT,2020-05-26,200.91
ETH-USDT,2020-05-27,208.27
ETH-USDT,2020-05-28,220.32
ETH-USDT,2020-05-29,220.65
ETH-USDT,2020-05-30,243.74
ETH-USDT,2020-05-31,231.55
ETH-USDT,2020-06-01,248.9
ETH-USDT,2020-06-02,237.73
ETH-USDT,2020-06-03,244.52
ETH-USDT,2020-06-04,243.28
ETH-USDT,2020-06-05,240.13
ETH-USDT,2020-06-06,242.05
ETH-USDT,2020-06-07,244.66
ETH-USDT,2020-06-08,246.65
ETH-USDT,2020-06-09,243.98
ETH-USDT,2020-06-10,247.95
ETH-USDT,2020-06-11,230.48
ETH-USDT,2020-06-12,237.46
ETH-USDT,2020-06-13,238.17
ETH-USDT,2020-06-14,231.92
ETH-USDT,2020-06-15,230.86
ETH-USDT,2020-06-16,235.22
ETH-USDT,2020-06-17,233.75
ETH-USDT,2020-06-18,231.26
ETH-USDT,2020-06-19,228.97
ETH-USDT,2020-06-20,228.85
ETH-USDT,2020-06-21,228.08
ETH-USDT,2020-06-22,243.14
ETH-USDT,2020-06-23,243.12
ETH-USDT,2020-06-24,234.54
ETH-USDT,2020-06-25,232.5
ETH-USDT,2020-06-26,229.66
ETH-USDT,2020-06-27,220.94
ETH-USDT,2020-06-28,224.96
ETH-USDT,2020-06-29,227.95
ETH-USDT,2020-06-30,225.56
ETH-USDT,2020-07-01,231.03
ETH-USDT,2020-07-02,226.54
ETH-USDT,2020-07-03,224.83
ETH-USDT,2020-07-04,229.2
ETH-USDT,2020-07-05,227.61
ETH-USDT,2020-07-06,241.63
ETH-USDT,2020-07-07,239.45
ETH-USDT,2020-07-08,247.14
ETH-USDT,2020-07-09,242.01
ETH-USDT,2020-07-10,241.37
ETH-USDT,2020-07-11,239.25
ETH-USDT,2020-07-12,242.82
ETH-USDT,2020-07-13,239.6
ETH-USDT,2020-07-14,240.56
ETH-USDT,2020-07-15,238.59
ETH-USDT,2020-07-16,233.74
ETH-USDT,2020-07-17,232.72
ETH-USDT,2020-07-18,235.69
ETH-USDT,2020-07-19,239.19
ETH-USDT,2020-07-20,236.03
ETH-USDT,2020-07-21,245.56
ETH-USDT,2020-07-22,264.27
ETH-USDT,2020-07-23,275.56
ETH-USDT,2020-07-24,279.45
ETH-USDT,2020-07-25,305.64
ETH-USDT,2020-07-26,311.41
ETH-USDT,2020-07-27,322.33
ETH-USDT,2020-07-28,317.21
ETH-USDT,2020-07-29,318.12
ETH-USDT,2020-07-30,335.3
ETH-USDT,2020-07-31,346.42
ETH-USDT,2020-08-01,387.24
ETH-USDT,2020-08-02,372.85
ETH-USDT,2020-08-03,386.2
ETH-USDT,2020-08-04,390.1
ETH-USDT,2020-08-05,400.95
ETH-USDT,2020-08-06,395.09
ETH-USDT,2020-08-07,379.63
ETH-USDT,2020-08-08,397.48
ETH-USDT,2020-08-09,390.54
ETH-USDT,2020-08-10,395.83
ETH-USDT,2020-08-11,379.3
ETH-USDT,2020-08-12,387.46
ETH-USDT,2020-08-13,425.34
ETH-USDT,2020-08-14,438.84
ETH-USDT,2020-08-15,432.75
ETH-USDT,2020-08-16,434.19
ETH-USDT,2020-08-17,431.33
ETH-USDT,2020-08-18,422.36
ETH-USDT,2020-08-19,407.65
ETH-USDT,2020-08-20,416.29
ETH-USDT,2020-08-21,388.25
ETH-USDT,2020-08-22,395.44
ETH-USDT,2020-08-23,391
ETH-USDT,2020-08-24,407.94
ETH-USDT,2020-08-25,383.11
ETH-USDT,2020-08-26,386.02
ETH-USDT,2020-08-27,383.6
ETH-USDT,2020-08-28,395.14
ETH-USDT,2020-08-29,398.66
ETH-USDT,2020-08-30,429.11
ETH-USDT,2020-08-31,434.03
ETH-USDT,2020-09-01,475.61
ETH-USDT,2020-09-02,439.75
ETH-USDT,2020-09-03,381.62
ETH-USDT,2020-09-04,385.2
ETH-USDT,2020-09-05,334.85
ETH-USDT,2020-09-06,352.69
ETH-USDT,2020-09-07,353.49
ETH-USDT,2020-09-08,337.32
ETH-USDT,2020-09-09,350.65
ETH-USDT,2020-09-10,367.69
ETH-USDT,2020-09-11,373.45
ETH-USDT,2020-09-12,387.65
ETH-USDT,2020-09-13,366.24
ETH-USDT,2020-09-14,377.13
ETH-USDT,2020-09-15,364.06
ETH-USDT,2020-09-16,364.95
ETH-USDT,2020-09-17,389.24
ETH-USDT,2020-09-18,384.44
ETH-USDT,2020-09-19,384.96
ETH-USDT,2020-09-20,370.85
ETH-USDT,2020-09-21,340.19
ETH-USDT,2020-09-22,344.06
ETH-USDT,2020-09-23,320.64
ETH-USDT,2020-09-24,348.77
ETH-USDT,2020-09-25,351.88
ETH-USDT,2020-09-26,353.88
ETH-USDT,2020-09-27,357.4
ETH-USDT,2020-09-28,353.85
ETH-USDT,2020-09-29,359.7
ETH-USDT,2020-09-30,359.71
ETH-USDT,2020-10-01,352.53
ETH-USDT,2020-10-02,345.41
ETH-USDT,2020-10-03,345.72
ETH-USDT,2020-10-04,352.23
ETH-USDT,2020-10-05,353.45
ETH-USDT,2020-10-06,340.65
ETH-USDT,2020-10-07,341.41
ETH-USDT,2020-10-08,351.08
ETH-USDT,2020-10-09,365.04
ETH-USDT,2020-10-10,370.68
ETH-USDT,2020-10-11,374.39
ETH-USDT,2020-10-12,386.73
ETH-USDT,2020-10-13,381.12
ETH-USDT,2020-10-14,378.75
ETH-USDT,2020-10-15,377.63
ETH-USDT,2020-10-16,365.41
ETH-USDT,2020-10-17,368.26
ETH-USDT,2020-10-18,378.29
ETH-USDT,2020-10-19,379.47
ETH-USDT,2020-10-20,368.74
ETH-USDT,2020-10-21,390.96
ETH-USDT,2020-10-22,414.39
ETH-USDT,2020-10-23,409.4
ETH-USDT,2020-10-24,412.34
ETH-USDT,2020-10-25,406.14
ETH-USDT,2020-10-26,392.43
ETH-USDT,2020-10-27,403.6
ETH-USDT,2020-10-28,388.17
ETH-USDT,2020-10-29,386.94
ETH-USDT,2020-10-30,382.4
ETH-USDT,2020-10-31,386.29
ETH-USDT,2020-11-01,396.82
ETH-USDT,2020-11-02,383.16
ETH-USDT,2020-11-03,388.11
ETH-USDT,2020-11-04,402.92
ETH-USDT,2020-11-05,417.14
ETH-USDT,2020-11-06,456.38
ETH-USDT,2020-11-07,435.58
ETH-USDT,2020-11-08,454.75
ETH-USDT,2020-11-09,444.72
ETH-USDT,2020-11-10,450.67
ETH-USDT,2020-11-11,463.35
ETH-USDT,2020-11-12,462.68
ETH-USDT,2020-11-13,476.8
ETH-USDT,2020-11-14,461
ETH-USDT,2020-11-15,448.16
ETH-USDT,2020-11-16,460.72
ETH-USDT,2020-11-17,482.49
ETH-USDT,2020-11-18,478.61
ETH-USDT,2020-11-19,471.38
ETH-USDT,2020-11-20,510.37
ETH-USDT,2020-11-21,554.1
ETH-USDT,2020-11-22,560.42
ETH-USDT,2020-11-23,609.12
ETH-USDT,2020-11-24,605.72
ETH-USDT,2020-11-25,569.79
ETH-USDT,2020-11-26,520.25
ETH-USDT,2020-11-27,518.92
ETH-USDT,2020-11-28,537.46
ETH-USDT,2020-11-29,576.38
ETH-USDT,2020-11-30,617.42
ETH-USDT,2020-12-01,585.98
ETH-USDT,2020-12-02,596.96
ETH-USDT,2020-12-03,616.2
ETH-USDT,2020-12-04,567.68
ETH-USDT,2020-12-05,596.97
ETH-USDT,2020-12-06,601.86
ETH-USDT,2020-12-07,591.84
ETH-USDT,2020-12-08,555.17
ETH-USDT,2020-12-09,573.27
ETH-USDT,2020-12-10,559.71
ETH-USDT,2020-12-11,544.74
ETH-USDT,2020-12-12,568.34
ETH-USDT,2020-12-13,590.91
ETH-USDT,2020-12-14,586.33
ETH-USDT,2020-12-15,588.8
ETH-USDT,2020-12-16,637.8
ETH-USDT,2020-12-17,643.12
ETH-USDT,2020-12-18,654.51
ETH-USDT,2020-12-19,658.81
ETH-USDT,2020-12-20,638.27
ETH-USDT,2020-12-21,608.18
ETH-USDT,2020-12-22,637.2
ETH-USDT,2020-12-23,585.34
ETH-USDT,2020-12-24,612.31
ETH-USDT,2020-12-25,627.18
ETH-USDT,2020-12-26,637.9
ETH-USDT,2020-12-27,685.97
ETH-USDT,2020-12-28,731.07
ETH-USDT,2020-12-29,733.45
ETH-USDT,2020-12-30,753.04
ETH-USDT,2020-12-31,737.19
ETH-USDT,2021-01-01,729.77
ETH-USDT,2021-01-02,775.02
ETH-USDT,2021-01-03,980.24
ETH-USDT,2021-01-04,1043.11
ETH-USDT,2021-01-05,1101.29
ETH-USDT,2021-01-06,1212.64
ETH-USDT,2021-01-07,1227.12
ETH-USDT,2021-01-08,1218.39
ETH-USDT,2021-01-09,1279.96
ETH-USDT,2021-01-10,1257.96
ETH-USDT,2021-01-11,1086.94
ETH-USDT,2021-01-12,1050.82
ETH-USDT,2021-01-13,1130.4
ETH-USDT,2021-01-14,1234.86
ETH-USDT,2021-01-15,1168.79
ETH-USDT,2021-01-16,1230.19
ETH-USDT,2021-01-17,1233.71
ETH-USDT,2021-01-18,1262.99
ETH-USDT,2021-01-19,1367.51
ETH-USDT,2021-01-20,1379.24
ETH-USDT,2021-01-21,1111.23
ETH-USDT,2021-01-22,1234.55
ETH-USDT,2021-01-23,1235.66
ETH-USDT,2021-01-24,1394.24
ETH-USDT,2021-01-25,1318.61
ETH-USDT,2021-01-26,1368.4
ETH-USDT,2021-01-27,1238.55
ETH-USDT,2021-01-28,1329.86
ETH-USDT,2021-01-29,1381.99
ETH-USDT,2021-01-30,1380.48
ETH-USDT,2021-01-31,1313.12
ETH-USDT,2021-02-01,1376.48
ETH-USDT,2021-02-02,1516.26
ETH-USDT,2021-02-03,1666
ETH-USDT,2021-02-04,1596
ETH-USDT,2021-02-05,1721.16
ETH-USDT,2021-02-06,1679.34
ETH-USDT,2021-02-07,1611.99
ETH-USDT,2021-02-08,1755.61
ETH-USDT,2021-02-09,1770.79
ETH-USDT,2021-02-10,1743.31
ETH-USDT,2021-02-11,1789.32
ETH-USDT,2021-02-12,1843.08
ETH-USDT,2021-02-13,1818.02
ETH-USDT,2021-02-14,1803.59
ETH-USDT,2021-02-15,1781.34
ETH-USDT,2021-02-16,1784.31
ETH-USDT,2021-02-17,1849.86
ETH-USDT,2021-02-18,1941.26
ETH-USDT,2021-02-19,1958.58
ETH-USDT,2021-02-20,1914.58
ETH-USDT,2021-02-21,1934.75
ETH-USDT,2021-02-22,1778.3
ETH-USDT,2021-02-23,1579.75
ETH-USDT,2021-02-24,1623.98
ETH-USDT,2021-02-25,1482.09
ETH-USDT,2021-02-26,1445.28
ETH-USDT,2021-02-27,1458.65
ETH-USDT,2021-02-28,1419.77
ETH-USDT,2021-03-01,1571.2
ETH-USDT,2021-03-02,1486.28
ETH-USDT,2021-03-03,1568.63
ETH-USDT,2021-03-04,1540.69
ETH-USDT,2021-03-05,1529.88
ETH-USDT,2021-03-06,1651.73
ETH-USDT,2021-03-07,1727.23
ETH-USDT,2021-03-08,1834.3
ETH-USDT,2021-03-09,1873.31
ETH-USDT,2021-03-10,1796.8
ETH-USDT,2021-03-11,1829
ETH-USDT,2021-03-12,1767.44
ETH-USDT,2021-03-13,1924.94
ETH-USDT,2021-03-14,1850.54
ETH-USDT,2021-03-15,1794.89
ETH-USDT,2021-03-16,1807.25
ETH-USDT,2021-03-17,1825.77
ETH-USDT,2021-03-18,1777.54
ETH-USDT,2021-03-19,1811.04
ETH-USDT,2021-03-20,1807.35
ETH-USDT,2021-03-21,1784.67
ETH-USDT,2021-03-22,1681.69
ETH-USDT,2021-03-23,1669.33
ETH-USDT,2021-03-24,1582.11
ETH-USDT,2021-03-25,1587.5
ETH-USDT,2021-03-26,1699.13
ETH-USDT,2021-03-27,1714.34
ETH-USDT,2021-03-28,1688.3
ETH-USDT,2021-03-29,1818.44
ETH-USDT,2021-03-30,1843.43
ETH-USDT,2021-03-31,1923.07
ETH-USDT,2021-04-01,1969.74
ETH-USDT,2021-04-02,2138.01
ETH-USDT,2021-04-03,2012.63
ETH-USDT,2021-04-04,2077.73
ETH-USDT,2021-04-05,2110.35
ETH-USDT,2021-04-06,2114.47
ETH-USDT,2021-04-07,1965.4
ETH-USDT,2021-04-08,2082.08
ETH-USDT,2021-04-09,2068.02
ETH-USDT,2021-04-10,2135.96
ETH-USDT,2021-04-11,2155.05
ETH-USDT,2021-04-12,2139.25
ETH-USDT,2021-04-13,2303.15
ETH-USDT,2021-04-14,2437.08
ETH-USDT,2021-04-15,2519.85
ETH-USDT,2021-04-16,2427.29
ETH-USDT,2021-04-17,2319.8
ETH-USDT,2021-04-18,2235.32
ETH-USDT,2021-04-19,2162.75
ETH-USDT,2021-04-20,2329.96
ETH-USDT,2021-04-21,2358.9
ETH-USDT,2021-04-22,2398.94
ETH-USDT,2021-04-23,2368.67
ETH-USDT,2021-04-24,2215.54
ETH-USDT,2021-04-25,2320.71
ETH-USDT,2021-04-26,2534.25
ETH-USDT,2021-04-27,2668.39
ETH-USDT,2021-04-28,2748.33
ETH-USDT,2021-04-29,2759.14
ETH-USDT,2021-04-30,2773.15
ETH-USDT,2021-05-01,2947.01
ETH-USDT,2021-05-02,2950.98
ETH-USDT,2021-05-03,3433.36
ETH-USDT,2021-05-04,3243.67
ETH-USDT,2021-05-05,3528.49
ETH-USDT,2021-05-06,3493.16
ETH-USDT,2021-05-07,3480.98
ETH-USDT,2021-05-08,3914.47
ETH-USDT,2021-05-09,3928.01
ETH-USDT,2021-05-10,3950.33
ETH-USDT,2021-05-11,4175.91
ETH-USDT,2021-05-12,3828.99
ETH-USDT,2021-05-13,3719.45
ETH-USDT,2021-05-14,4079.99
ETH-USDT,2021-05-15,3648.98
ETH-USDT,2021-05-16,3581.39
ETH-USDT,2021-05-17,3283.58
ETH-USDT,2021-05-18,3376.35
ETH-USDT,2021-05-19,2442.98
ETH-USDT,2021-05-20,2768.42
ETH-USDT,2021-05-21,2431.01
ETH-USDT,2021-05-22,2295.15
ETH-USDT,2021-05-23,2096.63
ETH-USDT,2021-05-24,2649.27
ETH-USDT,2021-05-25,2706.83
ETH-USDT,2021-05-26,2884.27
ETH-USDT,2021-05-27,2742.77
ETH-USDT,2021-05-28,2411.66
ETH-USDT,2021-05-29,2277.99
ETH-USDT,2021-05-30,2386.11
ETH-USDT,2021-05-31,2706.33
ETH-USDT,2021-06-01,2634.63
ETH-USDT,2021-06-02,2707.22
ETH-USDT,2021-06-03,2858.34
ETH-USDT,2021-06-04,2689.21
ETH-USDT,2021-06-05,2627.45
ETH-USDT,2021-06-06,2711.4
ETH-USDT,2021-06-07,2592.96
ETH-USDT,2021-06-08,2506.19
ETH-USDT,2021-06-09,2610.2
ETH-USDT,2021-06-10,2471.11
ETH-USDT,2021-06-11,2354.25
ETH-USDT,2021-06-12,2370.59
ETH-USDT,2021-06-13,2508.71
ETH-USDT,2021-06-14,2579.82
ETH-USDT,2021-06-15,2544.17
ETH-USDT,2021-06-16,2366.84
ETH-USDT,2021-06-17,2372.51
ETH-USDT,2021-06-18,2231.68
ETH-USDT,2021-06-19,2163.36
ETH-USDT,2021-06-20,2242.7
ETH-USDT,2021-06-21,1884.77
ETH-USDT,2021-06-22,1878.46
ETH-USDT,2021-06-23,1966.51
ETH-USDT,2021-06-24,1989.5
ETH-USDT,2021-06-25,1808
ETH-USDT,2021-06-26,1828.88
ETH-USDT,2021-06-27,1980.83
ETH-USDT,2021-06-28,2083.56
ETH-USDT,2021-06-29,2165.15
ETH-USDT,2021-06-30,2275
ETH-USDT,2021-07-01,2105.24
ETH-USDT,2021-07-02,2152.64
ETH-USDT,2021-07-03,2226.63
ETH-USDT,2021-07-04,2321.95
ETH-USDT,2021-07-05,2195.38
ETH-USDT,2021-07-06,2322.04
ETH-USDT,2021-07-07,2314.65
ETH-USDT,2021-07-08,2114.88
ETH-USDT,2021-07-09,2147.53
ETH-USDT,2021-07-10,2111.14
ETH-USDT,2021-07-11,2140.27
ETH-USDT,2021-07-12,2030.85
ETH-USDT,2021-07-13,1940.32
ETH-USDT,2021-07-14,1993.82
ETH-USDT,2021-07-15,1919.35
ETH-USDT,2021-07-16,1876.1
ETH-USDT,2021-07-17,1898.55
ETH-USDT,2021-07-18,1890.66
ETH-USDT,2021-07-19,1818.4
ETH-USDT,2021-07-20,1785.04
ETH-USDT,2021-07-21,1995.49
ETH-USDT,2021-07-22,2023.55
ETH-USDT,2021-07-23,2124.33
ETH-USDT,2021-07-24,2183.53
ETH-USDT,2021-07-25,2188.11
ETH-USDT,2021-07-26,2227.41
ETH-USDT,2021-07-27,2298.04
ETH-USDT,2021-07-28,2300.08
ETH-USDT,2021-07-29,2382.45
ETH-USDT,2021-07-30,2461.72
ETH-USDT,2021-07-31,2530.49
ETH-USDT,2021-08-01,2554.71
ETH-USDT,2021-08-02,2607.09
ETH-USDT,2021-08-03,2506.87
ETH-USDT,2021-08-04,2725
ETH-USDT,2021-08-05,2826.8
ETH-USDT,2021-08-06,2892.3
ETH-USDT,2021-08-07,3163.26
ETH-USDT,2021-08-08,3014.06
ETH-USDT,2021-08-09,3163.43
ETH-USDT,2021-08-10,3143.98
ETH-USDT,2021-08-11,3161.52
ETH-USDT,2021-08-12,3046.74
ETH-USDT,2021-08-13,3324.12
ETH-USDT,2021-08-14,3266.31
ETH-USDT,2021-08-15,3312.31
ETH-USDT,2021-08-16,3146.83
ETH-USDT,2021-08-17,3014.64
ETH-USDT,2021-08-18,3014.25
ETH-USDT,2021-08-19,3186.8
ETH-USDT,2021-08-20,3286.62
ETH-USDT,2021-08-21,3226.4
ETH-USDT,2021-08-22,3241.29
ETH-USDT,2021-08-23,3323.01
ETH-USDT,2021-08-24,3173.98
ETH-USDT,2021-08-25,3227.9
ETH-USDT,2021-08-26,3093.77
ETH-USDT,2021-08-27,3273.91
ETH-USDT,2021-08-28,3247.29
ETH-USDT,2021-08-29,3225.47
ETH-USDT,2021-08-30,3230.43
ETH-USDT,2021-08-31,3430.49
ETH-USDT,2021-09-01,3831.44
ETH-USDT,2021-09-02,3788.95
ETH-USDT,2021-09-03,3942.79
ETH-USDT,2021-09-04,3889.71
ETH-USDT,2021-09-05,3952.56
ETH-USDT,2021-09-06,3929
ETH-USDT,2021-09-07,3435
ETH-USDT,2021-09-08,3497.99
ETH-USDT,2021-09-09,3426.42
ETH-USDT,2021-09-10,3209.84
ETH-USDT,2021-09-11,3267.23
ETH-USDT,2021-09-12,3405.21
ETH-USDT,2021-09-13,3284.41
ETH-USDT,2021-09-14,3435.42
ETH-USDT,2021-09-15,3614.72
ETH-USDT,2021-09-16,3570.46
ETH-USDT,2021-09-17,3400.99
ETH-USDT,2021-09-18,3435.35
ETH-USDT,2021-09-19,3328.72
ETH-USDT,2021-09-20,2978.34
ETH-USDT,2021-09-21,2765.48
ETH-USDT,2021-09-22,3076.62
ETH-USDT,2021-09-23,3150.7
ETH-USDT,2021-09-24,2926.37
ETH-USDT,2021-09-25,2921.08
ETH-USDT,2021-09-26,3057.63
ETH-USDT,2021-09-27,2923.6
ETH-USDT,2021-09-28,2803.5
ETH-USDT,2021-09-29,2848.38
ETH-USDT,2021-09-30,2999.45
ETH-USDT,2021-10-01,3308.58
ETH-USDT,2021-10-02,3387.25
ETH-USDT,2021-10-03,3418.25
ETH-USDT,2021-10-04,3386.12
ETH-USDT,2021-10-05,3517.64
ETH-USDT,2021-10-06,3576.85
ETH-USDT,2021-10-07,3589.85
ETH-USDT,2021-10-08,3563.81
ETH-USDT,2021-10-09,3577.8
ETH-USDT,2021-10-10,3415.01
ETH-USDT,2021-10-11,3543.1
ETH-USDT,2021-10-12,3492.91
ETH-USDT,2021-10-13,3610.05
ETH-USDT,2021-10-14,3794.19
ETH-USDT,2021-10-15,3872.71
ETH-USDT,2021-10-16,3833.3
ETH-USDT,2021-10-17,3851.01
ETH-USDT,2021-10-18,3748.31
ETH-USDT,2021-10-19,3881.48
ETH-USDT,2021-10-20,4164.14
ETH-USDT,2021-10-21,4057.26
ETH-USDT,2021-10-22,3975.56
ETH-USDT,2021-10-23,4170.5
ETH-USDT,2021-10-24,4084.61
ETH-USDT,2021-10-25,4224.14
ETH-USDT,2021-10-26,4133.39
ETH-USDT,2021-10-27,3923.57
ETH-USDT,2021-10-28,4288.96
ETH-USDT,2021-10-29,4421.53
ETH-USDT,2021-10-30,4324.82
ETH-USDT,2021-10-31,4288.86
ETH-USDT,2021-11-01,4322.72
ETH-USDT,2021-11-02,4593.88
ETH-USDT,2021-11-03,4606.59
ETH-USDT,2021-11-04,4535.37
ETH-USDT,2021-11-05,4477.29
ETH-USDT,2021-11-06,4521.4
ETH-USDT,2021-11-07,4616.5
ETH-USDT,2021-11-08,4814.3
ETH-USDT,2021-11-09,4734.98
ETH-USDT,2021-11-10,4632.21
ETH-USDT,2021-11-11,4721.19
ETH-USDT,2021-11-12,4665.99
ETH-USDT,2021-11-13,4644.42
ETH-USDT,2021-11-14,4629.44
ETH-USDT,2021-11-15,4567.01
ETH-USDT,2021-11-16,4209.42
ETH-USDT,2021-11-17,4287.99
ETH-USDT,2021-11-18,3997.72
ETH-USDT,2021-11-19,4293.44
ETH-USDT,2021-11-20,4412.55
ETH-USDT,2021-11-21,4259.23
ETH-USDT,2021-11-22,4086.57
ETH-USDT,2021-11-23,4341.36
ETH-USDT,2021-11-24,4271.29
ETH-USDT,2021-11-25,4527.86
ETH-USDT,2021-11-26,4040.66
ETH-USDT,2021-11-27,4095.33
ETH-USDT,2021-11-28,4296.6
ETH-USDT,2021-11-29,4445.1
ETH-USDT,2021-11-30,4631.51
ETH-USDT,2021-12-01,4586.66
ETH-USDT,2021-12-02,4514.32
ETH-USDT,2021-12-03,4213.66
ETH-USDT,2021-12-04,4115.79
ETH-USDT,2021-12-05,4197.53
ETH-USDT,2021-12-06,4345.2
ETH-USDT,2021-12-07,4305.82
ETH-USDT,2021-12-08,4435.33
ETH-USDT,2021-12-09,4103.8
ETH-USDT,2021-12-10,3895.95
ETH-USDT,2021-12-11,4089.81
ETH-USDT,2021-12-12,4129
ETH-USDT,2021-12-13,3780.63
ETH-USDT,2021-12-14,3856.66
ETH-USDT,2021-12-15,4019.01
ETH-USDT,2021-12-16,3958.67
ETH-USDT,2021-12-17,3873.93
ETH-USDT,2021-12-18,3957.64
ETH-USDT,2021-12-19,3922.51
ETH-USDT,2021-12-20,3943.48
ETH-USDT,2021-12-21,4014.38
ETH-USDT,2021-12-22,3978.62
ETH-USDT,2021-12-23,4111.3
ETH-USDT,2021-12-24,4045
ETH-USDT,2021-12-25,4093.87
ETH-USDT,2021-12-26,4062.24
ETH-USDT,2021-12-27,4037.36
ETH-USDT,2021-12-28,3791.99
ETH-USDT,2021-12-29,3628.55
ETH-USDT,2021-12-30,3708.37
ETH-USDT,2021-12-31,3676.02
ETH-USDT,2022-01-01,3763.06
ETH-USDT,2022-01-02,3826.21
ETH-USDT,2022-01-03,3764.07
ETH-USDT,2022-01-04,3785.6
ETH-USDT,2022-01-05,3537.71
ETH-USDT,2022-01-06,3404.6
ETH-USDT,2022-01-07,3196.58
ETH-USDT,2022-01-08,3080.03
ETH-USDT,2022-01-09,3150
ETH-USDT,2022-01-10,3081.31
ETH-USDT,2022-01-11,3236.86
ETH-USDT,2022-01-12,3369.93
ETH-USDT,2022-01-13,3240.36
ETH-USDT,2022-01-14,3305.6
ETH-USDT,2022-01-15,3324.05
ETH-USDT,2022-01-16,3345.49
ETH-USDT,2022-01-17,3208.61
ETH-USDT,2022-01-18,3159.32
ETH-USDT,2022-01-19,3082.81
ETH-USDT,2022-01-20,2999.92
ETH-USDT,2022-01-21,2566.91
ETH-USDT,2022-01-22,2410.96
ETH-USDT,2022-01-23,2538.41
ETH-USDT,2022-01-24,2438.13
ETH-USDT,2022-01-25,2457.37
ETH-USDT,2022-01-26,2461.61
ETH-USDT,2022-01-27,2422.61
ETH-USDT,2022-01-28,2543.34
ETH-USDT,2022-01-29,2599.94
ETH-USDT,2022-01-30,2600.45
ETH-USDT,2022-01-31,2685.34
ETH-USDT,2022-02-01,2786.38
ETH-USDT,2022-02-02,2678
ETH-USDT,2022-02-03,2694.37
ETH-USDT,2022-02-04,2993.65
ETH-USDT,2022-02-05,3011.59
ETH-USDT,2022-02-06,3054.26
ETH-USDT,2022-02-07,3138.55
ETH-USDT,2022-02-08,3115.23
ETH-USDT,2022-02-09,3241.82
ETH-USDT,2022-02-10,3070.9
ETH-USDT,2022-02-11,2926.04
ETH-USDT,2022-02-12,2916.93
ETH-USDT,2022-02-13,2870.32
ETH-USDT,2022-02-14,2928.87
ETH-USDT,2022-02-15,3183.73
ETH-USDT,2022-02-16,3121.8
ETH-USDT,2022-02-17,2890.8
ETH-USDT,2022-02-18,2778.46
ETH-USDT,2022-02-19,2761.89
ETH-USDT,2022-02-20,2620.72
ETH-USDT,2022-02-21,2566.88
ETH-USDT,2022-02-22,2635.57
ETH-USDT,2022-02-23,2578.02
ETH-USDT,2022-02-24,2595.47
ETH-USDT,2022-02-25,2766.36
ETH-USDT,2022-02-26,2778.15
ETH-USDT,2022-02-27,2615.99
ETH-USDT,2022-02-28,2920.1
ETH-USDT,2022-03-01,2975.61
ETH-USDT,2022-03-02,2947.47
ETH-USDT,2022-03-03,2832.97
ETH-USDT,2022-03-04,2620.25
ETH-USDT,2022-03-05,2663.55
ETH-USDT,2022-03-06,2549.37
ETH-USDT,2022-03-07,2489.9
ETH-USDT,2022-03-08,2575.49
ETH-USDT,2022-03-09,2726.37
ETH-USDT,2022-03-10,2605.44
ETH-USDT,2022-03-11,2555.89
ETH-USDT,2022-03-12,2567.64
ETH-USDT,2022-03-13,2514.07
ETH-USDT,2022-03-14,2588.96
ETH-USDT,2022-03-15,2617.29
ETH-USDT,2022-03-16,2772.78
ETH-USDT,2022-03-17,2810.74
ETH-USDT,2022-03-18,2938.02
ETH-USDT,2022-03-19,2950
ETH-USDT,2022-03-20,2860.47
ETH-USDT,2022-03-21,2889.08
ETH-USDT,2022-03-22,2968.49
ETH-USDT,2022-03-23,3035.55
ETH-USDT,2022-03-24,3109.89
ETH-USDT,2022-03-25,3101.37
ETH-USDT,2022-03-26,3143.47
ETH-USDT,2022-03-27,3295.01
ETH-USDT,2022-03-28,3333.62
ETH-USDT,2022-03-29,3399
ETH-USDT,2022-03-30,3385.1
ETH-USDT,2022-03-31,3281.43
ETH-USDT,2022-04-01,3454.33
ETH-USDT,2022-04-02,3443.07
ETH-USDT,2022-04-03,3520.76
ETH-USDT,2022-04-04,3518.96
ETH-USDT,2022-04-05,3405.04
ETH-USDT,2022-04-06,3166.78
ETH-USDT,2022-04-07,3225.15
ETH-USDT,2022-04-08,3191.26
ETH-USDT,2022-04-09,3257.53
ETH-USDT,2022-04-10,3200.24
ETH-USDT,2022-04-11,2978.69
ETH-USDT,2022-04-12,3026.3
ETH-USDT,2022-04-13,3116.45
ETH-USDT,2022-04-14,3019.82
ETH-USDT,2022-04-15,3039.19
ETH-USDT,2022-04-16,3057.99
ETH-USDT,2022-04-17,2986.03
ETH-USDT,2022-04-18,3054.02
ETH-USDT,2022-04-19,3100.42
ETH-USDT,2022-04-20,3074.01
ETH-USDT,2022-04-21,2981.31
ETH-USDT,2022-04-22,2960.38
ETH-USDT,2022-04-23,2930.28
ETH-USDT,2022-04-24,2918.97
ETH-USDT,2022-04-25,3006.11
ETH-USDT,2022-04-26,2807.88
ETH-USDT,2022-04-27,2887.57
ETH-USDT,2022-04-28,2935.39
ETH-USDT,2022-04-29,2815.37
ETH-USDT,2022-04-30,2725.1
ETH-USDT,2022-05-01,2823.38
ETH-USDT,2022-05-02,2855.16
ETH-USDT,2022-05-03,2780.91
ETH-USDT,2022-05-04,2939.76
ETH-USDT,2022-05-05,2746.37
ETH-USDT,2022-05-06,2691.59
ETH-USDT,2022-05-07,2634.82
ETH-USDT,2022-05-08,2518.9
ETH-USDT,2022-05-09,2227.48
ETH-USDT,2022-05-10,2340.86
ETH-USDT,2022-05-11,2083.98
ETH-USDT,2022-05-12,1959.78
ETH-USDT,2022-05-13,2008.49
ETH-USDT,2022-05-14,2055
ETH-USDT,2022-05-15,2144.07
ETH-USDT,2022-05-16,2022.89
ETH-USDT,2022-05-17,2090
ETH-USDT,2022-05-18,1914.2
ETH-USDT,2022-05-19,2019.46
ETH-USDT,2022-05-20,1958.69
ETH-USDT,2022-05-21,1973.94
ETH-USDT,2022-05-22,2042.63
ETH-USDT,2022-05-23,1972.45
ETH-USDT,2022-05-24,1978.56
ETH-USDT,2022-05-25,1942
ETH-USDT,2022-05-26,1791.02
ETH-USDT,2022-05-27,1726.55
ETH-USDT,2022-05-28,1791.74
ETH-USDT,2022-05-29,1812.45
ETH-USDT,2022-05-30,1997.87
ETH-USDT,2022-05-31,1941.68
ETH-USDT,2022-06-01,1817.1
ETH-USDT,2022-06-02,1833.37
ETH-USDT,2022-06-03,1774.15
ETH-USDT,2022-06-04,1803.71
ETH-USDT,2022-06-05,1805.39
ETH-USDT,2022-06-06,1859.11
ETH-USDT,2022-06-07,1812.61
ETH-USDT,2022-06-08,1791.02
ETH-USDT,2022-06-09,1788.03
ETH-USDT,2022-06-10,1661.95
ETH-USDT,2022-06-11,1532.19
ETH-USDT,2022-06-12,1434.35
ETH-USDT,2022-06-13,1209.04
ETH-USDT,2022-06-14,1208.32
ETH-USDT,2022-06-15,1236.49
ETH-USDT,2022-06-16,1067.77
ETH-USDT,2022-06-17,1085.99
ETH-USDT,2022-06-18,994.09
ETH-USDT,2022-06-19,1127.88
ETH-USDT,2022-06-20,1127.83
ETH-USDT,2022-06-21,1125.47
ETH-USDT,2022-06-22,1049.4
ETH-USDT,2022-06-23,1143.71
ETH-USDT,2022-06-24,1224.42
ETH-USDT,2022-06-25,1241.6
ETH-USDT,2022-06-26,1197.21
ETH-USDT,2022-06-27,1191.9
ETH-USDT,2022-06-28,1143.5
ETH-USDT,2022-06-29,1099.32
ETH-USDT,2022-06-30,1070.85
ETH-USDT,2022-07-01,1059.24
ETH-USDT,2022-07-02,1066.53
ETH-USDT,2022-07-03,1073.9
ETH-USDT,2022-07-04,1150.23
ETH-USDT,2022-07-05,1131.8
ETH-USDT,2022-07-06,1186.37
ETH-USDT,2022-07-07,1236.92
ETH-USDT,2022-07-08,1213.53
ETH-USDT,2022-07-09,1216.48
ETH-USDT,2022-07-10,1167.81
ETH-USDT,2022-07-11,1095.95
ETH-USDT,2022-07-12,1037.88
ETH-USDT,2022-07-13,1114.19
ETH-USDT,2022-07-14,1193.01
ETH-USDT,2022-07-15,1230.58
ETH-USDT,2022-07-16,1355.37
ETH-USDT,2022-07-17,1338.27
ETH-USDT,2022-07-18,1580.12
ETH-USDT,2022-07-19,1541.39
ETH-USDT,2022-07-20,1521.34
ETH-USDT,2022-07-21,1575.39
ETH-USDT,2022-07-22,1534.53
ETH-USDT,2022-07-23,1548.01
ETH-USDT,2022-07-24,1597.77
ETH-USDT,2022-07-25,1440.4
ETH-USDT,2022-07-26,1448.27
ETH-USDT,2022-07-27,1635.45
ETH-USDT,2022-07-28,1723.82
ETH-USDT,2022-07-29,1721.85
ETH-USDT,2022-07-30,1696.68
ETH-USDT,2022-07-31,1677.63
ETH-USDT,2022-08-01,1629.45
ETH-USDT,2022-08-02,1629.97
ETH-USDT,2022-08-03,1617.37
ETH-USDT,2022-08-04,1607.2
ETH-USDT,2022-08-05,1737.13
ETH-USDT,2022-08-06,1689.85
ETH-USDT,2022-08-07,1699.25
ETH-USDT,2022-08-08,1776.09
ETH-USDT,2022-08-09,1702.04
ETH-USDT,2022-08-10,1853.24
ETH-USDT,2022-08-11,1879.35
ETH-USDT,2022-08-12,1957.4
ETH-USDT,2022-08-13,1982.8
ETH-USDT,2022-08-14,1934.55
ETH-USDT,2022-08-15,1898.56
ETH-USDT,2022-08-16,1875.78
ETH-USDT,2022-08-17,1833.55
ETH-USDT,2022-08-18,1845.86
ETH-USDT,2022-08-19,1608.29
ETH-USDT,2022-08-20,1574.93
ETH-USDT,2022-08-21,1617.17
ETH-USDT,2022-08-22,1624.02
ETH-USDT,2022-08-23,1664.19
ETH-USDT,2022-08-24,1655.71
ETH-USDT,2022-08-25,1694.16
ETH-USDT,2022-08-26,1507.23
ETH-USDT,2022-08-27,1490
ETH-USDT,2022-08-28,1426.3
ETH-USDT,2022-08-29,1550.67
ETH-USDT,2022-08-30,1523.48
ETH-USDT,2022-08-31,1553.04
ETH-USDT,2022-09-01,1585.4
ETH-USDT,2022-09-02,1574.49
ETH-USDT,2022-09-03,1556.41
ETH-USDT,2022-09-04,1578.14
ETH-USDT,2022-09-05,1616.92
ETH-USDT,2022-09-06,1558.23
ETH-USDT,2022-09-07,1629.35
ETH-USDT,2022-09-08,1634.22
ETH-USDT,2022-09-09,1717.48
ETH-USDT,2022-09-10,1773.05
ETH-USDT,2022-09-11,1765.01
ETH-USDT,2022-09-12,1715.14
ETH-USDT,2022-09-13,1571.9
ETH-USDT,2022-09-14,1635.39
ETH-USDT,2022-09-15,1471.93
ETH-USDT,2022-09-16,1433.58
ETH-USDT,2022-09-17,1467.96
ETH-USDT,2022-09-18,1333.67
ETH-USDT,2022-09-19,1375.05
ETH-USDT,2022-09-20,1322.08
ETH-USDT,2022-09-21,1244.19
ETH-USDT,2022-09-22,1325.73
ETH-USDT,2022-09-23,1326.62
ETH-USDT,2022-09-24,1316.19
ETH-USDT,2022-09-25,1293.99
ETH-USDT,2022-09-26,1335.25
ETH-USDT,2022-09-27,1327.19
ETH-USDT,2022-09-28,1336.43
ETH-USDT,2022-09-29,1334.8
ETH-USDT,2022-09-30,1327.78
ETH-USDT,2022-10-01,1311.31
ETH-USDT,2022-10-02,1275.96
ETH-USDT,2022-10-03,1322.59
ETH-USDT,2022-10-04,1360.73
ETH-USDT,2022-10-05,1351.61
ETH-USDT,2022-10-06,1351.5
ETH-USDT,2022-10-07,1330.41
ETH-USDT,2022-10-08,1314.74
ETH-USDT,2022-10-09,1322.61
ETH-USDT,2022-10-10,1289.56
ETH-USDT,2022-10-11,1279.68
ETH-USDT,2022-10-12,1294.02
ETH-USDT,2022-10-13,1286.38
ETH-USDT,2022-10-14,1295.35
ETH-USDT,2022-10-15,1274.13
ETH-USDT,2022-10-16,1305.51
ETH-USDT,2022-10-17,1330.62
ETH-USDT,2022-10-18,1309.93
ETH-USDT,2022-10-19,1284.45
ETH-USDT,2022-10-20,1282.2
ETH-USDT,2022-10-21,1299.08
ETH-USDT,2022-10-22,1313.19
ETH-USDT,2022-10-23,1363.44
ETH-USDT,2022-10-24,1342.72
ETH-USDT,2022-10-25,1459.2
ETH-USDT,2022-10-26,1565.45
ETH-USDT,2022-10-27,1513.7
ETH-USDT,2022-10-28,1553.79
ETH-USDT,2022-10-29,1618.82
ETH-USDT,2022-10-30,1589.89
ETH-USDT,2022-10-31,1572.01
ETH-USDT,2022-11-01,1577.88
ETH-USDT,2022-11-02,1517.26
ETH-USDT,2022-11-03,1530.27
ETH-USDT,2022-11-04,1644.09
ETH-USDT,2022-11-05,1626.11
ETH-USDT,2022-11-06,1567.42
ETH-USDT,2022-11-07,1567.52
ETH-USDT,2022-11-08,1333.4
ETH-USDT,2022-11-09,1101.49
ETH-USDT,2022-11-10,1298.21
ETH-USDT,2022-11-11,1288.64
ETH-USDT,2022-11-12,1256.82
ETH-USDT,2022-11-13,1220.78
ETH-USDT,2022-11-14,1242.89
ETH-USDT,2022-11-15,1252.81
ETH-USDT,2022-11-16,1215.78
ETH-USDT,2022-11-17,1199.7
ETH-USDT,2022-11-18,1212.04
ETH-USDT,2022-11-19,1216.91
ETH-USDT,2022-11-20,1141.57
ETH-USDT,2022-11-21,1106.95
ETH-USDT,2022-11-22,1139.11
ETH-USDT,2022-11-23,1183.83
ETH-USDT,2022-11-24,1202.92
ETH-USDT,2022-11-25,1198.55
ETH-USDT,2022-11-26,1204.84
ETH-USDT,2022-11-27,1193.26
ETH-USDT,2022-11-28,1167.21
ETH-USDT,2022-11-29,1215.74
ETH-USDT,2022-11-30,1294.02
ETH-USDT,2022-12-01,1275.7
ETH-USDT,2022-12-02,1295
ETH-USDT,2022-12-03,1239.76
ETH-USDT,2022-12-04,1278.82
ETH-USDT,2022-12-05,1258.66
ETH-USDT,2022-12-06,1270.72
ETH-USDT,2022-12-07,1230.83
ETH-USDT,2022-12-08,1279.73
ETH-USDT,2022-12-09,1262.31
ETH-USDT,2022-12-10,1265.88
ETH-USDT,2022-12-11,1262.43
ETH-USDT,2022-12-12,1274.88
ETH-USDT,2022-12-13,1321.06
ETH-USDT,2022-12-14,1307.76
ETH-USDT,2022-12-15,1266.26
ETH-USDT,2022-12-16,1166.2
ETH-USDT,2022-12-17,1186.45
ETH-USDT,2022-12-18,1182.45
ETH-USDT,2022-12-19,1167.21
ETH-USDT,2022-12-20,1216.21
ETH-USDT,2022-12-21,1213.21
ETH-USDT,2022-12-22,1217.39
ETH-USDT,2022-12-23,1219.5
ETH-USDT,2022-12-24,1219.96
ETH-USDT,2022-12-25,1217.96
ETH-USDT,2022-12-26,1227.57
ETH-USDT,2022-12-27,1211.29
ETH-USDT,2022-12-28,1189.93
ETH-USDT,2022-12-29,1200.35
ETH-USDT,2022-12-30,1199.66
ETH-USDT,2022-12-31,1196.1
ETH-USDT,2023-01-01,1199.96
ETH-USDT,2023-01-02,1213.23
ETH-USDT,2023-01-03,1214.23
ETH-USDT,2023-01-04,1256.39
ETH-USDT,2023-01-05,1251.08
ETH-USDT,2023-01-06,1268.54
ETH-USDT,2023-01-07,1263.65
ETH-USDT,2023-01-08,1289.65
ETH-USDT,2023-01-09,1320.32
ETH-USDT,2023-01-10,1335.3
ETH-USDT,2023-01-11,1389.26
ETH-USDT,2023-01-12,1415.84
ETH-USDT,2023-01-13,1450.94
ETH-USDT,2023-01-14,1550.27
ETH-USDT,2023-01-15,1553.47
ETH-USDT,2023-01-16,1577.11
ETH-USDT,2023-01-17,1565.84
ETH-USDT,2023-01-18,1511.66
ETH-USDT,2023-01-19,1551.11
ETH-USDT,2023-01-20,1659.01
ETH-USDT,2023-01-21,1627.63
ETH-USDT,2023-01-22,1628.14
ETH-USDT,2023-01-23,1626.9
ETH-USDT,2023-01-24,1555.99
ETH-USDT,2023-01-25,1611.41
ETH-USDT,2023-01-26,1600.69
ETH-USDT,2023-01-27,1597.08
ETH-USDT,2023-01-28,1571.52
ETH-USDT,2023-01-29,1645.67
ETH-USDT,2023-01-30,1565.92
ETH-USDT,2023-01-31,1585.02
ETH-USDT,2023-02-01,1641.8
ETH-USDT,2023-02-02,1643.81
ETH-USDT,2023-02-03,1663.68
ETH-USDT,2023-02-04,1666.44
ETH-USDT,2023-02-05,1628.98
ETH-USDT,2023-02-06,1613.9
ETH-USDT,2023-02-07,1670.51
ETH-USDT,2023-02-08,1650.26
ETH-USDT,2023-02-09,1544.68
ETH-USDT,2023-02-10,1512.26
ETH-USDT,2023-02-11,1537.65
ETH-USDT,2023-02-12,1514.49
ETH-USDT,2023-02-13,1504.85
ETH-USDT,2023-02-14,1554.94
ETH-USDT,2023-02-15,1675
ETH-USDT,2023-02-16,1639
ETH-USDT,2023-02-17,1694.12
ETH-USDT,2023-02-18,1691.66
ETH-USDT,2023-02-19,1680.31
ETH-USDT,2023-02-20,1703.7
ETH-USDT,2023-02-21,1659.2
ETH-USDT,2023-02-22,1642.01
ETH-USDT,2023-02-23,1649.69
ETH-USDT,2023-02-24,1607.12
ETH-USDT,2023-02-25,1593.59
ETH-USDT,2023-02-26,1640.49
ETH-USDT,2023-02-27,1632.6
ETH-USDT,2023-02-28,1604.72
ETH-USDT,2023-03-01,1664.46
ETH-USDT,2023-03-02,1647.29
ETH-USDT,2023-03-03,1568.86
ETH-USDT,2023-03-04,1566.05
ETH-USDT,2023-03-05,1564.06
ETH-USDT,2023-03-06,1565.17
ETH-USDT,2023-03-07,1561.29
ETH-USDT,2023-03-08,1531.82
ETH-USDT,2023-03-09,1436.42
ETH-USDT,2023-03-10,1425.79
ETH-USDT,2023-03-11,1471.03
ETH-USDT,2023-03-12,1579.26
ETH-USDT,2023-03-13,1673.9
ETH-USDT,2023-03-14,1699.93
ETH-USDT,2023-03-15,1649.81
ETH-USDT,2023-03-16,1672.56
ETH-USDT,2023-03-17,1789.21
ETH-USDT,2023-03-18,1758.52
ETH-USDT,2023-03-19,1779.99
ETH-USDT,2023-03-20,1731.71
ETH-USDT,2023-03-21,1800.14
ETH-USDT,2023-03-22,1733.61
ETH-USDT,2023-03-23,1813.27
ETH-USDT,2023-03-24,1748.77
ETH-USDT,2023-03-25,1741.02
ETH-USDT,2023-03-26,1772.63
ETH-USDT,2023-03-27,1714.35
ETH-USDT,2023-03-28,1772.09
ETH-USDT,2023-03-29,1791.89
ETH-USDT,2023-03-30,1792.77
ETH-USDT,2023-03-31,1820.81
ETH-USDT,2023-04-01,1819.82
ETH-USDT,2023-04-02,1793.56
ETH-USDT,2023-04-03,1809.68
ETH-USDT,2023-04-04,1869.11
ETH-USDT,2023-04-05,1907.48
ETH-USDT,2023-04-06,1871.33
ETH-USDT,2023-04-07,1862.87
ETH-USDT,2023-04-08,1848.02
ETH-USDT,2023-04-09,1857.84
ETH-USDT,2023-04-10,1908.9
ETH-USDT,2023-04-11,1888.89
ETH-USDT,2023-04-12,1916.86
ETH-USDT,2023-04-13,2011.8
ETH-USDT,2023-04-14,2099.77
ETH-USDT,2023-04-15,2091.2
ETH-USDT,2023-04-16,2118.09
ETH-USDT,2023-04-17,2074.49
ETH-USDT,2023-04-18,2103.29
ETH-USDT,2023-04-19,1932.83
ETH-USDT,2023-04-20,1942.11
ETH-USDT,2023-04-21,1848
ETH-USDT,2023-04-22,1873.39
ETH-USDT,2023-04-23,1861.3
ETH-USDT,2023-04-24,1841.19
ETH-USDT,2023-04-25,1865.4
ETH-USDT,2023-04-26,1865.02
ETH-USDT,2023-04-27,1907.67
ETH-USDT,2023-04-28,1890.13
ETH-USDT,2023-04-29,1907.01
ETH-USDT,2023-04-30,1868.41
ETH-USDT,2023-05-01,1829.97
ETH-USDT,2023-05-02,1869.2
ETH-USDT,2023-05-03,1904.74
ETH-USDT,2023-05-04,1876.13
ETH-USDT,2023-05-05,1992.56
ETH-USDT,2023-05-06,1895.29
ETH-USDT,2023-05-07,1869.5
ETH-USDT,2023-05-08,1846.54
ETH-USDT,2023-05-09,1845.8
ETH-USDT,2023-05-10,1839.86
ETH-USDT,2023-05-11,1793.24
ETH-USDT,2023-05-12,1806.53
ETH-USDT,2023-05-13,1794.44
ETH-USDT,2023-05-14,1798.25
ETH-USDT,2023-05-15,1815.56
ETH-USDT,2023-05-16,1823.53
ETH-USDT,2023-05-17,1821.65
ETH-USDT,2023-05-18,1799.69
ETH-USDT,2023-05-19,1811.38
ETH-USDT,2023-05-20,1818.59
ETH-USDT,2023-05-21,1803.89
ETH-USDT,2023-05-22,1816.67
ETH-USDT,2023-05-23,1853.36
ETH-USDT,2023-05-24,1798.84
ETH-USDT,2023-05-25,1804.65
ETH-USDT,2023-05-26,1826.81
ETH-USDT,2023-05-27,1828.85
ETH-USDT,2023-05-28,1908.36
ETH-USDT,2023-05-29,1891.5
ETH-USDT,2023-05-30,1899.81
ETH-USDT,2023-05-31,1872.84
ETH-USDT,2023-06-01,1860.59
ETH-USDT,2023-06-02,1905.58
ETH-USDT,2023-06-03,1890.91
ETH-USDT,2023-06-04,1888.54
ETH-USDT,2023-06-05,1810.03
ETH-USDT,2023-06-06,1883.26
ETH-USDT,2023-06-07,1831.31
ETH-USDT,2023-06-08,1844.94
ETH-USDT,2023-06-09,1839.61
ETH-USDT,2023-06-10,1750.64
ETH-USDT,2023-06-11,1751.8
ETH-USDT,2023-06-12,1741.61
ETH-USDT,2023-06-13,1739.24
ETH-USDT,2023-06-14,1650.18
ETH-USDT,2023-06-15,1665.64
ETH-USDT,2023-06-16,1717.31
ETH-USDT,2023-06-17,1727.2
ETH-USDT,2023-06-18,1719.99
ETH-USDT,2023-06-19,1736.21
ETH-USDT,2023-06-20,1791.37
ETH-USDT,2023-06-21,1888.31
ETH-USDT,2023-06-22,1871.36
ETH-USDT,2023-06-23,1892.2
ETH-USDT,2023-06-24,1874.48
ETH-USDT,2023-06-25,1898.27
ETH-USDT,2023-06-26,1858.14
ETH-USDT,2023-06-27,1889.05
ETH-USDT,2023-06-28,1827.26
ETH-USDT,2023-06-29,1851.19
ETH-USDT,2023-06-30,1933.41
ETH-USDT,2023-07-01,1924.08
ETH-USDT,2023-07-02,1937.69
ETH-USDT,2023-07-03,1955
ETH-USDT,2023-07-04,1935.72
ETH-USDT,2023-07-05,1909.88
ETH-USDT,2023-07-06,1844.82
ETH-USDT,2023-07-07,1870
ETH-USDT,2023-07-08,1864.45
ETH-USDT,2023-07-09,1861.81
ETH-USDT,2023-07-10,1879.34
ETH-USDT,2023-07-11,1877.66
ETH-USDT,2023-07-12,1870.81
ETH-USDT,2023-07-13,2004.78
ETH-USDT,2023-07-14,1936.74
ETH-USDT,2023-07-15,1930.4
ETH-USDT,2023-07-16,1920.97
ETH-USDT,2023-07-17,1910.37
ETH-USDT,2023-07-18,1896.46
ETH-USDT,2023-07-19,1887.55
ETH-USDT,2023-07-20,1890.56
ETH-USDT,2023-07-21,1890.84
ETH-USDT,2023-07-22,1865.6
ETH-USDT,2023-07-23,1887.86
ETH-USDT,2023-07-24,1849.04
ETH-USDT,2023-07-25,1856.91
ETH-USDT,2023-07-26,1870.98
ETH-USDT,2023-07-27,1860.28
ETH-USDT,2023-07-28,1873.39
ETH-USDT,2023-07-29,1879.85
ETH-USDT,2023-07-30,1860.76
ETH-USDT,2023-07-31,1855.39
ETH-USDT,2023-08-01,1873.05
ETH-USDT,2023-08-02,1839.07
ETH-USDT,2023-08-03,1834.69
ETH-USDT,2023-08-04,1829.4
ETH-USDT,2023-08-05,1835.5
ETH-USDT,2023-08-06,1829.38
ETH-USDT,2023-08-07,1828.18
ETH-USDT,2023-08-08,1855.36
ETH-USDT,2023-08-09,1854.7
ETH-USDT,2023-08-10,1851.42
ETH-USDT,2023-08-11,1848.04
ETH-USDT,2023-08-12,1849.14
ETH-USDT,2023-08-13,1840.09
ETH-USDT,2023-08-14,1844.81
ETH-USDT,2023-08-15,1828.28
ETH-USDT,2023-08-16,1807.19
ETH-USDT,2023-08-17,1681
ETH-USDT,2023-08-18,1660.76
ETH-USDT,2023-08-19,1668.69
ETH-USDT,2023-08-20,1684.16
ETH-USDT,2023-08-21,1666.79
ETH-USDT,2023-08-22,1634.5
ETH-USDT,2023-08-23,1678.8
ETH-USDT,2023-08-24,1660.22
ETH-USDT,2023-08-25,1653.24
ETH-USDT,2023-08-26,1646.28
ETH-USDT,2023-08-27,1657.59
ETH-USDT,2023-08-28,1652.51
ETH-USDT,2023-08-29,1728.51
ETH-USDT,2023-08-30,1704.39
ETH-USDT,2023-08-31,1645.27
ETH-USDT,2023-09-01,1628.19
ETH-USDT,2023-09-02,1636.24
ETH-USDT,2023-09-03,1635.02
ETH-USDT,2023-09-04,1630.09
ETH-USDT,2023-09-05,1633.63
ETH-USDT,2023-09-06,1632.33
ETH-USDT,2023-09-07,1647.27
ETH-USDT,2023-09-08,1635.78
ETH-USDT,2023-09-09,1634.8
ETH-USDT,2023-09-10,1616.47
ETH-USDT,2023-09-11,1551.03
ETH-USDT,2023-09-12,1592.29
ETH-USDT,2023-09-13,1606.68
ETH-USDT,2023-09-14,1625.65
ETH-USDT,2023-09-15,1640.67
ETH-USDT,2023-09-16,1633.68
ETH-USDT,2023-09-17,1621.62
ETH-USDT,2023-09-18,1635.63
ETH-USDT,2023-09-19,1642.49
ETH-USDT,2023-09-20,1621.6
ETH-USDT,2023-09-21,1583
ETH-USDT,2023-09-22,1592.28
ETH-USDT,2023-09-23,1592.97
ETH-USDT,2023-09-24,1579.99
ETH-USDT,2023-09-25,1587.69
ETH-USDT,2023-09-26,1593.3
ETH-USDT,2023-09-27,1597.89
ETH-USDT,2023-09-28,1652.13
ETH-USDT,2023-09-29,1666.61
ETH-USDT,2023-09-30,1670.18
ETH-USDT,2023-10-01,1733.39
ETH-USDT,2023-10-02,1661.49
ETH-USDT,2023-10-03,1656.18
ETH-USDT,2023-10-04,1645.75
ETH-USDT,2023-10-05,1611.23
ETH-USDT,2023-10-06,1644.33
ETH-USDT,2023-10-07,1633.18
ETH-USDT,2023-10-08,1632.02
ETH-USDT,2023-10-09,1579.4
ETH-USDT,2023-10-10,1566.89
ETH-USDT,2023-10-11,1566.07
ETH-USDT,2023-10-12,1538.81
ETH-USDT,2023-10-13,1551.55
ETH-USDT,2023-10-14,1554.15
ETH-USDT,2023-10-15,1557.25
ETH-USDT,2023-10-16,1598.61
ETH-USDT,2023-10-17,1563.99
ETH-USDT,2023-10-18,1562.65
ETH-USDT,2023-10-19,1565.89
ETH-USDT,2023-10-20,1603.14
ETH-USDT,2023-10-21,1628.29
ETH-USDT,2023-10-22,1662.83
ETH-USDT,2023-10-23,1766.35
ETH-USDT,2023-10-24,1784.31
ETH-USDT,2023-10-25,1786.71
ETH-USDT,2023-10-26,1803.3
ETH-USDT,2023-10-27,1780.02
ETH-USDT,2023-10-28,1776.76
ETH-USDT,2023-10-29,1795.49
ETH-USDT,2023-10-30,1809.81
ETH-USDT,2023-10-31,1815.67
ETH-USDT,2023-11-01,1848.2
ETH-USDT,2023-11-02,1800.68
ETH-USDT,2023-11-03,1832.49
ETH-USDT,2023-11-04,1856.08
ETH-USDT,2023-11-05,1892.49
ETH-USDT,2023-11-06,1901.71
ETH-USDT,2023-11-07,1885.79
ETH-USDT,2023-11-08,1888.42
ETH-USDT,2023-11-09,2122.92
ETH-USDT,2023-11-10,2079.1
ETH-USDT,2023-11-11,2054.52
ETH-USDT,2023-11-12,2046.08
ETH-USDT,2023-11-13,2055.18
ETH-USDT,2023-11-14,1980.11
ETH-USDT,2023-11-15,2059.29
ETH-USDT,2023-11-16,1962.13
ETH-USDT,2023-11-17,1961.21
ETH-USDT,2023-11-18,1963.19
ETH-USDT,2023-11-19,2012.46
ETH-USDT,2023-11-20,2022.41
ETH-USDT,2023-11-21,1933.44
ETH-USDT,2023-11-22,2063.91
ETH-USDT,2023-11-23,2062.68
ETH-USDT,2023-11-24,2081.16
ETH-USDT,2023-11-25,2082.87
ETH-USDT,2023-11-26,2061.97
ETH-USDT,2023-11-27,2027.57
ETH-USDT,2023-11-28,2048.2
ETH-USDT,2023-11-29,2028.41
ETH-USDT,2023-11-30,2051.76
ETH-USDT,2023-12-01,2086.99
ETH-USDT,2023-12-02,2165.28
ETH-USDT,2023-12-03,2193.24
ETH-USDT,2023-12-04,2243.66
ETH-USDT,2023-12-05,2293.97
ETH-USDT,2023-12-06,2233.29
ETH-USDT,2023-12-07,2357.04
ETH-USDT,2023-12-08,2360.82
ETH-USDT,2023-12-09,2342.4
ETH-USDT,2023-12-10,2353.97
ETH-USDT,2023-12-11,2225.56
ETH-USDT,2023-12-12,2204.7
ETH-USDT,2023-12-13,2261.44
ETH-USDT,2023-12-14,2316.54
ETH-USDT,2023-12-15,2221.71
ETH-USDT,2023-12-16,2229.64
ETH-USDT,2023-12-17,2197.93
ETH-USDT,2023-12-18,2220.48
ETH-USDT,2023-12-19,2179.02
ETH-USDT,2023-12-20,2203.95
ETH-USDT,2023-12-21,2241.35
ETH-USDT,2023-12-22,2326.53
ETH-USDT,2023-12-23,2309.86
ETH-USDT,2023-12-24,2265.43
ETH-USDT,2023-12-25,2273.07
ETH-USDT,2023-12-26,2232.44
ETH-USDT,2023-12-27,2380.31
ETH-USDT,2023-12-28,2345.96
ETH-USDT,2023-12-29,2300.6
ETH-USDT,2023-12-30,2293.26
ETH-USDT,2023-12-31,2283.85
ETH-USDT,2024-01-01,2354.62
ETH-USDT,2024-01-02,2356.93
ETH-USDT,2024-01-03,2210.39
ETH-USDT,2024-01-04,2267.85
ETH-USDT,2024-01-05,2268.93
ETH-USDT,2024-01-06,2240.36
ETH-USDT,2024-01-07,2220.87
ETH-USDT,2024-01-08,2331.11
ETH-USDT,2024-01-09,2344.44
ETH-USDT,2024-01-10,2585.82
ETH-USDT,2024-01-11,2618.59
ETH-USDT,2024-01-12,2523.3
ETH-USDT,2024-01-13,2578.5
ETH-USDT,2024-01-14,2474.36
ETH-USDT,2024-01-15,2512.21
ETH-USDT,2024-01-16,2587.4
ETH-USDT,2024-01-17,2530.62
ETH-USDT,2024-01-18,2471.29
ETH-USDT,2024-01-19,2492.46
ETH-USDT,2024-01-20,2472.27
ETH-USDT,2024-01-21,2457.02
ETH-USDT,2024-01-22,2314.33
ETH-USDT,2024-01-23,2241.67
ETH-USDT,2024-01-24,2234.62
ETH-USDT,2024-01-25,2218.02
ETH-USDT,2024-01-26,2266.72
ETH-USDT,2024-01-27,2266.99
ETH-USDT,2024-01-28,2256
ETH-USDT,2024-01-29,2316.52
ETH-USDT,2024-01-30,2341.95
ETH-USDT,2024-01-31,2282
ETH-USDT,2024-02-01,2303.33
ETH-USDT,2024-02-02,2307.99
ETH-USDT,2024-02-03,2295.42
ETH-USDT,2024-02-04,2288.66
ETH-USDT,2024-02-05,2300.83
ETH-USDT,2024-02-06,2371.74
ETH-USDT,2024-02-07,2424.22
ETH-USDT,2024-02-08,2418.76
ETH-USDT,2024-02-09,2485.24
ETH-USDT,2024-02-10,2499.2
ETH-USDT,2024-02-11,2506.1
ETH-USDT,2024-02-12,2660.91
ETH-USDT,2024-02-13,2640.83
ETH-USDT,2024-02-14,2776.14
ETH-USDT,2024-02-15,2824.54
ETH-USDT,2024-02-16,2803.69
ETH-USDT,2024-02-17,2787.43
ETH-USDT,2024-02-18,2883.58
ETH-USDT,2024-02-19,2946.55
ETH-USDT,2024-02-20,3017.21
ETH-USDT,2024-02-21,2969.65
ETH-USDT,2024-02-22,2972.8
ETH-USDT,2024-02-23,2923.35
ETH-USDT,2024-02-24,2994.39
ETH-USDT,2024-02-25,3115.24
ETH-USDT,2024-02-26,3178.6
ETH-USDT,2024-02-27,3244.98
ETH-USDT,2024-02-28,3387.07
ETH-USDT,2024-02-29,3343.15
ETH-USDT,2024-03-01,3435.82
ETH-USDT,2024-03-02,3424.43
ETH-USDT,2024-03-03,3491.77
ETH-USDT,2024-03-04,3629.72
ETH-USDT,2024-03-05,3555.43
ETH-USDT,2024-03-06,3822.36
ETH-USDT,2024-03-07,3871.69
ETH-USDT,2024-03-08,3886.04
ETH-USDT,2024-03-09,3908.15
ETH-USDT,2024-03-10,3881.22
ETH-USDT,2024-03-11,4070.52
ETH-USDT,2024-03-12,3984.18
ETH-USDT,2024-03-13,4008.76
ETH-USDT,2024-03-14,3884.99
ETH-USDT,2024-03-15,3745
ETH-USDT,2024-03-16,3525.58
ETH-USDT,2024-03-17,3646.99
ETH-USDT,2024-03-18,3523.43
ETH-USDT,2024-03-19,3161
ETH-USDT,2024-03-20,3517.8
ETH-USDT,2024-03-21,3495.16
ETH-USDT,2024-03-22,3339
ETH-USDT,2024-03-23,3330.96
ETH-USDT,2024-03-24,3457.16
ETH-USDT,2024-03-25,3592.94
ETH-USDT,2024-03-26,3589.64
ETH-USDT,2024-03-27,3504.99
ETH-USDT,2024-03-28,3563.99
ETH-USDT,2024-03-29,3512.46
ETH-USDT,2024-03-30,3508.66
ETH-USDT,2024-03-31,3648.79
ETH-USDT,2024-04-01,3506.52
ETH-USDT,2024-04-02,3280.76
ETH-USDT,2024-04-03,3313.29
ETH-USDT,2024-04-04,3329.65
ETH-USDT,2024-04-05,3319.66
ETH-USDT,2024-04-06,3353.15
ETH-USDT,2024-04-07,3455.99
ETH-USDT,2024-04-08,3697.6
ETH-USDT,2024-04-09,3508.45
ETH-USDT,2024-04-10,3547.64
ETH-USDT,2024-04-11,3504.43
ETH-USDT,2024-04-12,3238.3
ETH-USDT,2024-04-13,3005.46
ETH-USDT,2024-04-14,3153.16
ETH-USDT,2024-04-15,3100.75
ETH-USDT,2024-04-16,3082.85
ETH-USDT,2024-04-17,2983.25
ETH-USDT,2024-04-18,3062.85
ETH-USDT,2024-04-19,3054.91
ETH-USDT,2024-04-20,3154.31
ETH-USDT,2024-04-21,3145.73
ETH-USDT,2024-04-22,3198.66
ETH-USDT,2024-04-23,3218.04
ETH-USDT,2024-04-24,3138.84
ETH-USDT,2024-04-25,3154.44
ETH-USDT,2024-04-26,3129.98
ETH-USDT,2024-04-27,3253.97
ETH-USDT,2024-04-28,3262.28
ETH-USDT,2024-04-29,3215.27
ETH-USDT,2024-04-30,3012.58
ETH-USDT,2024-05-01,2970.61
ETH-USDT,2024-05-02,2984.8
ETH-USDT,2024-05-03,3100.83
ETH-USDT,2024-05-04,3115.46
ETH-USDT,2024-05-05,3135.24
ETH-USDT,2024-05-06,3061.5
ETH-USDT,2024-05-07,3004.55
ETH-USDT,2024-05-08,2972.93
ETH-USDT,2024-05-09,3034.75
ETH-USDT,2024-05-10,2908.85
ETH-USDT,2024-05-11,2911.27
ETH-USDT,2024-05-12,2927.73
ETH-USDT,2024-05-13,2949.71
ETH-USDT,2024-05-14,2880.87
ETH-USDT,2024-05-15,3030.66
ETH-USDT,2024-05-16,2943.22
ETH-USDT,2024-05-17,3090.48
ETH-USDT,2024-05-18,3121.59
ETH-USDT,2024-05-19,3069.98
ETH-USDT,2024-05-20,3664.39
ETH-USDT,2024-05-21,3792.32
ETH-USDT,2024-05-22,3740.25
ETH-USDT,2024-05-23,3784.8
ETH-USDT,2024-05-24,3729.61
ETH-USDT,2024-05-25,3751.15
ETH-USDT,2024-05-26,3827.53
ETH-USDT,2024-05-27,3896.09
ETH-USDT,2024-05-28,3847
ETH-USDT,2024-05-29,3770
ETH-USDT,2024-05-30,3750.39
ETH-USDT,2024-05-31,3764.35
ETH-USDT,2024-06-01,3817.49
ETH-USDT,2024-06-02,3783.98
ETH-USDT,2024-06-03,3769.15
ETH-USDT,2024-06-04,3813.12
ETH-USDT,2024-06-05,3868.61
ETH-USDT,2024-06-06,3815.76
ETH-USDT,2024-06-07,3679.82
ETH-USDT,2024-06-08,3682.11
ETH-USDT,2024-06-09,3707.67
ETH-USDT,2024-06-10,3669.66
ETH-USDT,2024-06-11,3498.16
ETH-USDT,2024-06-12,3560.45
ETH-USDT,2024-06-13,3469.18
ETH-USDT,2024-06-14,3480.51
ETH-USDT,2024-06-15,3567.87
ETH-USDT,2024-06-16,3622.96
ETH-USDT,2024-06-17,3509.56
ETH-USDT,2024-06-18,3482.34
ETH-USDT,2024-06-19,3558.85
ETH-USDT,2024-06-20,3511.26
ETH-USDT,2024-06-21,3517.18
ETH-USDT,2024-06-22,3494.26
ETH-USDT,2024-06-23,3419.38
ETH-USDT,2024-06-24,3352
ETH-USDT,2024-06-25,3393.06
ETH-USDT,2024-06-26,3370.76
ETH-USDT,2024-06-27,3450.34
ETH-USDT,2024-06-28,3379.51
ETH-USDT,2024-06-29,3377.62
ETH-USDT,2024-06-30,3436.73
ETH-USDT,2024-07-01,3440.46
ETH-USDT,2024-07-02,3420.43
ETH-USDT,2024-07-03,3294.75
ETH-USDT,2024-07-04,3059.31
ETH-USDT,2024-07-05,2980.43
ETH-USDT,2024-07-06,3065.5
ETH-USDT,2024-07-07,2930.24
ETH-USDT,2024-07-08,3017.51
ETH-USDT,2024-07-09,3065.06
ETH-USDT,2024-07-10,3099.12
ETH-USDT,2024-07-11,3098.25
ETH-USDT,2024-07-12,3133.24
ETH-USDT,2024-07-13,3174.01
ETH-USDT,2024-07-14,3243.56
ETH-USDT,2024-07-15,3481.62
ETH-USDT,2024-07-16,3442.83
ETH-USDT,2024-07-17,3386
ETH-USDT,2024-07-18,3424.99
ETH-USDT,2024-07-19,3502.18
ETH-USDT,2024-07-20,3516.03
ETH-USDT,2024-07-21,3534.29
ETH-USDT,2024-07-22,3438.08
ETH-USDT,2024-07-23,3481.01
ETH-USDT,2024-07-24,3334.24
ETH-USDT,2024-07-25,3173.67
ETH-USDT,2024-07-26,3272.82
ETH-USDT,2024-07-27,3248.17
ETH-USDT,2024-07-28,3268.03
ETH-USDT,2024-07-29,3316.87
ETH-USDT,2024-07-30,3278.17
ETH-USDT,2024-07-31,3231.48
ETH-USDT,2024-08-01,3201.67
ETH-USDT,2024-08-02,2988.11
ETH-USDT,2024-08-03,2901.94
ETH-USDT,2024-08-04,2687.6
ETH-USDT,2024-08-05,2418.6
ETH-USDT,2024-08-06,2459.87
ETH-USDT,2024-08-07,2341.41
ETH-USDT,2024-08-08,2681.59
ETH-USDT,2024-08-09,2597.9
ETH-USDT,2024-08-10,2608.76
ETH-USDT,2024-08-11,2554.65
ETH-USDT,2024-08-12,2721.15
ETH-USDT,2024-08-13,2701.01
ETH-USDT,2024-08-14,2659.82
ETH-USDT,2024-08-15,2568.73
ETH-USDT,2024-08-16,2591.52
ETH-USDT,2024-08-17,2613.18
ETH-USDT,2024-08-18,2610.67
ETH-USDT,2024-08-19,2635.15
ETH-USDT,2024-08-20,2571.51
ETH-USDT,2024-08-21,2629.38
ETH-USDT,2024-08-22,2622
ETH-USDT,2024-08-23,2761.58
ETH-USDT,2024-08-24,2766.4
ETH-USDT,2024-08-25,2744.47
ETH-USDT,2024-08-26,2679.25
ETH-USDT,2024-08-27,2455.98
ETH-USDT,2024-08-28,2527.31
ETH-USDT,2024-08-29,2526.28
ETH-USDT,2024-08-30,2524.99
ETH-USDT,2024-08-31,2511.91
ETH-USDT,2024-09-01,2424.55
ETH-USDT,2024-09-02,2536.74
ETH-USDT,2024-09-03,2424.05
ETH-USDT,2024-09-04,2449.67
ETH-USDT,2024-09-05,2367.37
ETH-USDT,2024-09-06,2223.7
ETH-USDT,2024-09-07,2272.21
ETH-USDT,2024-09-08,2295.89
ETH-USDT,2024-09-09,2358.19
ETH-USDT,2024-09-10,2387.63
ETH-USDT,2024-09-11,2339.22
ETH-USDT,2024-09-12,2360.79
ETH-USDT,2024-09-13,2438.15
ETH-USDT,2024-09-14,2416.65
ETH-USDT,2024-09-15,2314.85
ETH-USDT,2024-09-16,2294.61
ETH-USDT,2024-09-17,2340.59
ETH-USDT,2024-09-18,2373.93
ETH-USDT,2024-09-19,2464.56
ETH-USDT,2024-09-20,2560.29
ETH-USDT,2024-09-21,2611.4
ETH-USDT,2024-09-22,2579.94
ETH-USDT,2024-09-23,2645.84
ETH-USDT,2024-09-24,2652
ETH-USDT,2024-09-25,2578.9
ETH-USDT,2024-09-26,2631.11
ETH-USDT,2024-09-27,2693.53
ETH-USDT,2024-09-28,2673.9
ETH-USDT,2024-09-29,2656.3
ETH-USDT,2024-09-30,2601.49
ETH-USDT,2024-10-01,2446.85
ETH-USDT,2024-10-02,2363
ETH-USDT,2024-10-03,2348.74
ETH-USDT,2024-10-04,2413.38
ETH-USDT,2024-10-05,2413.42
ETH-USDT,2024-10-06,2438.77
ETH-USDT,2024-10-07,2421.75
ETH-USDT,2024-10-08,2439.84
ETH-USDT,2024-10-09,2369.6
ETH-USDT,2024-10-10,2385.24
ETH-USDT,2024-10-11,2438.46
ETH-USDT,2024-10-12,2475.09
ETH-USDT,2024-10-13,2467.79
ETH-USDT,2024-10-14,2628.88
ETH-USDT,2024-10-15,2606.53
ETH-USDT,2024-10-16,2610.39
ETH-USDT,2024-10-17,2605.01
ETH-USDT,2024-10-18,2641.11
ETH-USDT,2024-10-19,2647.45
ETH-USDT,2024-10-20,2746.98
ETH-USDT,2024-10-21,2666.63
ETH-USDT,2024-10-22,2621.78
ETH-USDT,2024-10-23,2523.84
ETH-USDT,2024-10-24,2535.39
ETH-USDT,2024-10-25,2440.1
ETH-USDT,2024-10-26,2482.04
ETH-USDT,2024-10-27,2507.22
ETH-USDT,2024-10-28,2566.49
ETH-USDT,2024-10-29,2639.28
ETH-USDT,2024-10-30,2659.36
ETH-USDT,2024-10-31,2518.37
ETH-USDT,2024-11-01,2511.57
ETH-USDT,2024-11-02,2493.61
ETH-USDT,2024-11-03,2457.29
ETH-USDT,2024-11-04,2397.37
ETH-USDT,2024-11-05,2421.42
ETH-USDT,2024-11-06,2722.49
ETH-USDT,2024-11-07,2895.76
ETH-USDT,2024-11-08,2962.12
ETH-USDT,2024-11-09,3127.03
ETH-USDT,2024-11-10,3185.19
ETH-USDT,2024-11-11,3375.02
ETH-USDT,2024-11-12,3245.98
ETH-USDT,2024-11-13,3188.9
ETH-USDT,2024-11-14,3061.03
ETH-USDT,2024-11-15,3091.75
ETH-USDT,2024-11-16,3134.72
ETH-USDT,2024-11-17,3078.09
ETH-USDT,2024-11-18,3210.48
ETH-USDT,2024-11-19,3109.34
ETH-USDT,2024-11-20,3071.05
ETH-USDT,2024-11-21,3358.42
ETH-USDT,2024-11-22,3330.05
ETH-USDT,2024-11-23,3396.33
ETH-USDT,2024-11-24,3362.98
ETH-USDT,2024-11-25,3416.92
ETH-USDT,2024-11-26,3327.17
ETH-USDT,2024-11-27,3655.88
ETH-USDT,2024-11-28,3581.58
ETH-USDT,2024-11-29,3594.5
ETH-USDT,2024-11-30,3705.73
ETH-USDT,2024-12-01,3711.24
ETH-USDT,2024-12-02,3646.26
ETH-USDT,2024-12-03,3616.82
ETH-USDT,2024-12-04,3840.75
ETH-USDT,2024-12-05,3787.31
ETH-USDT,2024-12-06,4001.75
ETH-USDT,2024-12-07,3999.79
ETH-USDT,2024-12-08,4007.3
ETH-USDT,2024-12-09,3712.55
ETH-USDT,2024-12-10,3628.4
ETH-USDT,2024-12-11,3830.44
ETH-USDT,2024-12-12,3880.52
ETH-USDT,2024-12-13,3905.6
ETH-USDT,2024-12-14,3868.6
ETH-USDT,2024-12-15,3958.5
ETH-USDT,2024-12-16,3984.76
ETH-USDT,2024-12-17,3890.81
ETH-USDT,2024-12-18,3625.4
ETH-USDT,2024-12-19,3416.7
ETH-USDT,2024-12-20,3470.88
ETH-USDT,2024-12-21,3337.6
ETH-USDT,2024-12-22,3280.8
ETH-USDT,2024-12-23,3420.74
ETH-USDT,2024-12-24,3491.97
ETH-USDT,2024-12-25,3495.72
ETH-USDT,2024-12-26,3333.15
ETH-USDT,2024-12-27,3332.09
ETH-USDT,2024-12-28,3402.54
ETH-USDT,2024-12-29,3355.46
ETH-USDT,2024-12-30,3360.11
ETH-USDT,2024-12-31,3336.57
ETH-USDT,2025-01-01,3359.36
ETH-USDT,2025-01-02,3454.83
ETH-USDT,2025-01-03,3607.89
ETH-USDT,2025-01-04,3655.99
ETH-USDT,2025-01-05,3634.96
ETH-USDT,2025-01-06,3685.72
ETH-USDT,2025-01-07,3379.38
ETH-USDT,2025-01-08,3325.38
ETH-USDT,2025-01-09,3218.24
ETH-USDT,2025-01-10,3265.52
ETH-USDT,2025-01-11,3281.84
ETH-USDT,2025-01-12,3265.7
ETH-USDT,2025-01-13,3136.14
ETH-USDT,2025-01-14,3223.99
ETH-USDT,2025-01-15,3449.8
ETH-USDT,2025-01-16,3306.94
ETH-USDT,2025-01-17,3472.38
ETH-USDT,2025-01-18,3306.7
ETH-USDT,2025-01-19,3214.15
ETH-USDT,2025-01-20,3283.2
ETH-USDT,2025-01-21,3326.72
ETH-USDT,2025-01-22,3242
ETH-USDT,2025-01-23,3337.88
ETH-USDT,2025-01-24,3308.62
ETH-USDT,2025-01-25,3317.91
ETH-USDT,2025-01-26,3230.5
ETH-USDT,2025-01-27,3180.99
ETH-USDT,2025-01-28,3075.96
ETH-USDT,2025-01-29,3112.55
ETH-USDT,2025-01-30,3245.86
ETH-USDT,2025-01-31,3299.5
ETH-USDT,2025-02-01,3116.22
ETH-USDT,2025-02-02,2868.05
ETH-USDT,2025-02-03,2878.69
ETH-USDT,2025-02-04,2730.03
ETH-USDT,2025-02-05,2787
ETH-USDT,2025-02-06,2685.25
ETH-USDT,2025-02-07,2620.66
ETH-USDT,2025-02-08,2630.99
ETH-USDT,2025-02-09,2626.07
ETH-USDT,2025-02-10,2659.99
ETH-USDT,2025-02-11,2601.03
ETH-USDT,2025-02-12,2737.14
ETH-USDT,2025-02-13,2674.52
ETH-USDT,2025-02-14,2724.74
ETH-USDT,2025-02-15,2691.73
ETH-USDT,2025-02-16,2660
ETH-USDT,2025-02-17,2743
ETH-USDT,2025-02-18,2670.57
ETH-USDT,2025-02-19,2714.06
ETH-USDT,2025-02-20,2736.87
ETH-USDT,2025-02-21,2660.85
ETH-USDT,2025-02-22,2762.01
ETH-USDT,2025-02-23,2818.54
ETH-USDT,2025-02-24,2512.27
ETH-USDT,2025-02-25,2494.45
ETH-USDT,2025-02-26,2335.33
ETH-USDT,2025-02-27,2306.66
ETH-USDT,2025-02-28,2236.59
ETH-USDT,2025-03-01,2216.6
ETH-USDT,2025-03-02,2517.12
ETH-USDT,2025-03-03,2148.22
ETH-USDT,2025-03-04,2170.51
ETH-USDT,2025-03-05,2240.45
ETH-USDT,2025-03-06,2201.34
ETH-USDT,2025-03-07,2140.72
ETH-USDT,2025-03-08,2202.84
ETH-USDT,2025-03-09,2019.2
ETH-USDT,2025-03-10,1864.51
ETH-USDT,2025-03-11,1922.61
ETH-USDT,2025-03-12,1907.24
ETH-USDT,2025-03-13,1863.76
ETH-USDT,2025-03-14,1910.79
ETH-USDT,2025-03-15,1936.27
ETH-USDT,2025-03-16,1885.97
ETH-USDT,2025-03-17,1925.37
ETH-USDT,2025-03-18,1930.64
ETH-USDT,2025-03-19,2055.21
ETH-USDT,2025-03-20,1982.72
ETH-USDT,2025-03-21,1964.81
ETH-USDT,2025-03-22,1979.56
ETH-USDT,2025-03-23,2005
ETH-USDT,2025-03-24,2080.41
ETH-USDT,2025-03-25,2065.22
ETH-USDT,2025-03-26,2008.69
ETH-USDT,2025-03-27,2002.8
ETH-USDT,2025-03-28,1896.02
ETH-USDT,2025-03-29,1827.32
ETH-USDT,2025-03-30,1806.99
ETH-USDT,2025-03-31,1821.59
ETH-USDT,2025-04-01,1904.21
ETH-USDT,2025-04-02,1794.1
ETH-USDT,2025-04-03,1816.48
ETH-USDT,2025-04-04,1815.97
ETH-USDT,2025-04-05,1805.15
ETH-USDT,2025-04-06,1579.98
ETH-USDT,2025-04-07,1552.44
ETH-USDT,2025-04-08,1472.67
ETH-USDT,2025-04-09,1668.69
ETH-USDT,2025-04-10,1521.57
ETH-USDT,2025-04-11,1565.96
ETH-USDT,2025-04-12,1643.6
ETH-USDT,2025-04-13,1596.92
ETH-USDT,2025-04-14,1623.02
ETH-USDT,2025-04-15,1588
ETH-USDT,2025-04-16,1576.58
ETH-USDT,2025-04-17,1582.84
ETH-USDT,2025-04-18,1587.91
ETH-USDT,2025-04-19,1612.44
ETH-USDT,2025-04-20,1586.56
ETH-USDT,2025-04-21,1578.64
ETH-USDT,2025-04-22,1755.57
ETH-USDT,2025-04-23,1794.46
ETH-USDT,2025-04-24,1768.8
ETH-USDT,2025-04-25,1783.77
ETH-USDT,2025-04-26,1820
ETH-USDT,2025-04-27,1790.21
ETH-USDT,2025-04-28,1799.22
ETH-USDT,2025-04-29,1796.57
ETH-USDT,2025-04-30,1792.71
ETH-USDT,2025-05-01,1837.19
ETH-USDT,2025-05-02,1841.22
ETH-USDT,2025-05-03,1832.55
ETH-USDT,2025-05-04,1807.87
ETH-USDT,2025-05-05,1819.43
ETH-USDT,2025-05-06,1816.22
ETH-USDT,2025-05-07,1810.14
ETH-USDT,2025-05-08,2206.54
ETH-USDT,2025-05-09,2344.3
ETH-USDT,2025-05-10,2581.91
ETH-USDT,2025-05-11,2513.48
ETH-USDT,2025-05-12,2494.16
ETH-USDT,2025-05-13,2678.59
ETH-USDT,2025-05-14,2608.74
ETH-USDT,2025-05-15,2547.75
ETH-USDT,2025-05-16,2535.72
ETH-USDT,2025-05-17,2474.09
ETH-USDT,2025-05-18,2496.98
ETH-USDT,2025-05-19,2526.87
ETH-USDT,2025-05-20,2523.09
ETH-USDT,2025-05-21,2550.26
ETH-USDT,2025-05-22,2663.72
ETH-USDT,2025-05-23,2525.39
ETH-USDT,2025-05-24,2529.27
ETH-USDT,2025-05-25,2550.03
ETH-USDT,2025-05-26,2562.43
ETH-USDT,2025-05-27,2659.84
ETH-USDT,2025-05-28,2680.4
ETH-USDT,2025-05-29,2630.3
ETH-USDT,2025-05-30,2529.63
ETH-USDT,2025-05-31,2527.08
ETH-USDT,2025-06-01,2537.89
ETH-USDT,2025-06-02,2606.48
ETH-USDT,2025-06-03,2592.16
ETH-USDT,2025-06-04,2606.62
ETH-USDT,2025-06-05,2412.9
ETH-USDT,2025-06-06,2475.38
ETH-USDT,2025-06-07,2523.4
ETH-USDT,2025-06-08,2508.32
ETH-USDT,2025-06-09,2679.12
ETH-USDT,2025-06-10,2815.74
ETH-USDT,2025-06-11,2770.34
ETH-USDT,2025-06-12,2641.38
ETH-USDT,2025-06-13,2578.09
ETH-USDT,2025-06-14,2529.66
ETH-USDT,2025-06-15,2546.32
ETH-USDT,2025-06-16,2543.12
ETH-USDT,2025-06-17,2508.99
ETH-USDT,2025-06-18,2523.49
ETH-USDT,2025-06-19,2520.18
ETH-USDT,2025-06-20,2405.42
ETH-USDT,2025-06-21,2294.63
ETH-USDT,2025-06-22,2226.33
ETH-USDT,2025-06-23,2410.39
ETH-USDT,2025-06-24,2447.58
ETH-USDT,2025-06-25,2417.28
ETH-USDT,2025-06-26,2414.54
ETH-USDT,2025-06-27,2422.06
ETH-USDT,2025-06-28,2434.8
ETH-USDT,2025-06-29,2499.25
ETH-USDT,2025-06-30,2484.3
ETH-USDT,2025-07-01,2403.65
ETH-USDT,2025-07-02,2569.37
ETH-USDT,2025-07-03,2590.17
ETH-USDT,2025-07-04,2506.86
ETH-USDT,2025-07-05,2515.25
ETH-USDT,2025-07-06,2569.14
ETH-USDT,2025-07-07,2541.37
ETH-USDT,2025-07-08,2613.97
ETH-USDT,2025-07-09,2767.7
ETH-USDT,2025-07-10,2950.62
ETH-USDT,2025-07-11,2956.93
ETH-USDT,2025-07-12,2941.87
ETH-USDT,2025-07-13,2970.37
ETH-USDT,2025-07-14,3012.26
ETH-USDT,2025-07-15,3137.62
ETH-USDT,2025-07-16,3370.55
ETH-USDT,2025-07-17,3476.65
ETH-USDT,2025-07-18,3546.36
ETH-USDT,2025-07-19,3591.31
ETH-USDT,2025-07-20,3755.67
ETH-USDT,2025-07-21,3760.96
ETH-USDT,2025-07-22,3746.01
ETH-USDT,2025-07-23,3627.49
ETH-USDT,2025-07-24,3706.2
ETH-USDT,2025-07-25,3724.17
ETH-USDT,2025-07-26,3740
ETH-USDT,2025-07-27,3871.47
ETH-USDT,2025-07-28,3796
ETH-USDT,2025-07-29,3791.55
ETH-USDT,2025-07-30,3808.67
ETH-USDT,2025-07-31,3696.58
ETH-USDT,2025-08-01,3486.42
ETH-USDT,2025-08-02,3392.42
ETH-USDT,2025-08-03,3495
ETH-USDT,2025-08-04,3719.42
ETH-USDT,2025-08-05,3610.19
ETH-USDT,2025-08-06,3681.21
ETH-USDT,2025-08-07,3908.4
ETH-USDT,2025-08-08,4009.05
ETH-USDT,2025-08-09,4259.1
ETH-USDT,2025-08-10,4248.77
ETH-USDT,2025-08-11,4221.31
ETH-USDT,2025-08-12,4589.31
ETH-USDT,2025-08-13,4748.37
ETH-USDT,2025-08-14,4545.26
ETH-USDT,2025-08-15,4437.16
ETH-USDT,2025-08-16,4420.22
ETH-USDT,2025-08-17,4470.66
ETH-USDT,2025-08-18,4311.73
ETH-USDT,2025-08-19,4073.94
ETH-USDT,2025-08-20,4334.5
ETH-USDT,2025-08-21,4223.7
ETH-USDT,2025-08-22,4830.37
ETH-USDT,2025-08-23,4777.26
ETH-USDT,2025-08-24,4778.32
ETH-USDT,2025-08-25,4374.25
ETH-USDT,2025-08-26,4598.49
ETH-USDT,2025-08-27,4504.84
ETH-USDT,2025-08-28,4509.1
ETH-USDT,2025-08-29,4358.65
ETH-USDT,2025-08-30,4372
ETH-USDT,2025-08-31,4389.58
ETH-USDT,2025-09-01,4313
ETH-USDT,2025-09-02,4324.59
ETH-USDT,2025-09-03,4448.22
ETH-USDT,2025-09-04,4295.68
ETH-USDT,2025-09-05,4305.71
ETH-USDT,2025-09-06,4271.69
ETH-USDT,2025-09-07,4303.84
ETH-USDT,2025-09-08,4303.98
ETH-USDT,2025-09-09,4308.4
ETH-USDT,2025-09-10,4347.83
ETH-USDT,2025-09-11,4456.86
ETH-USDT,2025-09-12,4710.83
ETH-USDT,2025-09-13,4664.74
ETH-USDT,2025-09-14,4602
ETH-USDT,2025-09-15,4521.54
ETH-USDT,2025-09-16,4499.41
ETH-USDT,2025-09-17,4588.3
ETH-USDT,2025-09-18,4585.31
ETH-USDT,2025-09-19,4466.49
ETH-USDT,2025-09-20,4478.27
ETH-USDT,2025-09-21,4443.01
ETH-USDT,2025-09-22,4196.86
ETH-USDT,2025-09-23,4162.25
ETH-USDT,2025-09-24,4150.51
ETH-USDT,2025-09-25,3873.1
ETH-USDT,2025-09-26,4030.17
ETH-USDT,2025-09-27,4017.01
ETH-USDT,2025-09-28,4139.55
ETH-USDT,2025-09-29,4212.98
ETH-USDT,2025-09-30,4142.75
ETH-USDT,2025-10-01,4345.85
ETH-USDT,2025-10-02,4481.7
ETH-USDT,2025-10-03,4511.11
ETH-USDT,2025-10-04,4484.79
ETH-USDT,2025-10-05,4512.34
ETH-USDT,2025-10-06,4682.43
ETH-USDT,2025-10-07,4445.76
ETH-USDT,2025-10-08,4523.67
ETH-USDT,2025-10-09,4365.83
ETH-USDT,2025-10-10,3819.99
ETH-USDT,2025-10-11,3744.99
ETH-USDT,2025-10-12,4149.99
ETH-USDT,2025-10-13,4239.7
ETH-USDT,2025-10-14,4123.05
ETH-USDT,2025-10-15,3983.81
ETH-USDT,2025-10-16,3892.02
ETH-USDT,2025-10-17,3829.99
ETH-USDT,2025-10-18,3887.01
ETH-USDT,2025-10-19,3980.59
ETH-USDT,2025-10-20,3977.54
ETH-USDT,2025-10-21,3871.11
ETH-USDT,2025-10-22,3803.93
ETH-USDT,2025-10-23,3855.21
ETH-USDT,2025-10-24,3933.19
ETH-USDT,2025-10-25,3952.25
ETH-USDT,2025-10-26,4156.37
ETH-USDT,2025-10-27,4118.47
ETH-USDT,2025-10-28,3977.56
ETH-USDT,2025-10-29,3900.38
ETH-USDT,2025-10-30,3802.8
ETH-USDT,2025-10-31,3846.42
ETH-USDT,2025-11-01,3872.14
ETH-USDT,2025-11-02,3904.8
ETH-USDT,2025-11-03,3602.15
ETH-USDT,2025-11-04,3285.28
ETH-USDT,2025-11-05,3423.06
ETH-USDT,2025-11-06,3313.7
ETH-USDT,2025-11-07,3434.36
ETH-USDT,2025-11-08,3400.07
ETH-USDT,2025-11-09,3581.31
ETH-USDT,2025-11-10,3566.38
ETH-USDT,2025-11-11,3416.32
ETH-USDT,2025-11-12,3413.46
ETH-USDT,2025-11-13,3230.12
ETH-USDT,2025-11-14,3111.2
ETH-USDT,2025-11-15,3166.55
ETH-USDT,2025-11-16,3094.05
ETH-USDT,2025-11-17,3030.06
ETH-USDT,2025-11-18,3122.2
ETH-USDT,2025-11-19,3024.09
ETH-USDT,2025-11-20,2832.97
ETH-USDT,2025-11-21,2764.69
ETH-USDT,2025-11-22,2769.06
ETH-USDT,2025-11-23,2800.73
ETH-USDT,2025-11-24,2952.19
ETH-USDT,2025-11-25,2958.24
ETH-USDT,2025-11-26,3025.02
ETH-USDT,2025-11-27,3013.8
ETH-USDT,2025-11-28,3029.8
ETH-USDT,2025-11-29,2987.96
ETH-USDT,2025-11-30,2990.02
ETH-USDT,2025-12-01,2797.47
ETH-USDT,2025-12-02,2994.63
ETH-USDT,2025-12-03,3187.07
ETH-USDT,2025-12-04,3132.01
ETH-USDT,2025-12-05,3020.38
ETH-USDT,2025-12-06,3036.53
ETH-USDT,2025-12-07,3058.14
ETH-USDT,2025-12-08,3123.14
ETH-USDT,2025-12-09,3316.49
ETH-USDT,2025-12-10,3322.79
ETH-USDT,2025-12-11,3235.77
ETH-USDT,2025-12-12,3083.34
ETH-USDT,2025-12-13,3113.01
ETH-USDT,2025-12-14,3062.02
ETH-USDT,2025-12-15,2963.25
ETH-USDT,2025-12-16,2960.84
ETH-USDT,2025-12-17,2832
ETH-USDT,2025-12-18,2827.3
ETH-USDT,2025-12-19,2978.33
ETH-USDT,2025-12-20,2976.54
ETH-USDT,2025-12-21,3000.62
ETH-USDT,2025-12-22,3008.49
ETH-USDT,2025-12-23,2963.29
ETH-USDT,2025-12-24,2946.23
ETH-USDT,2025-12-25,2902.32
ETH-USDT,2025-12-26,2926.82
ETH-USDT,2025-12-27,2947.61
ETH-USDT,2025-12-28,2949.6
ETH-USDT,2025-12-29,2936.45
ETH-USDT,2025-12-30,2972.22
ETH-USDT,2025-12-31,2970.4
ETH-USDT,2026-01-01,3002.49
ETH-USDT,2026-01-02,3123.89
ETH-USDT,2026-01-03,3125.47
ETH-USDT,2026-01-04,3143.32
ETH-USDT,2026-01-05,3223.71
ETH-USDT,2026-01-06,3295.46
ETH-USDT,2026-01-07,3167.52
ETH-USDT,2026-01-08,3105.45
ETH-USDT,2026-01-09,3087.15
ETH-USDT,2026-01-10,3085.47
ETH-USDT,2026-01-11,3122
ETH-USDT,2026-01-12,3093.84
ETH-USDT,2026-01-13,3324.69
ETH-USDT,2026-01-14,3353.27
ETH-USDT,2026-01-15,3317
ETH-USDT,2026-01-16,3283.51
SOL-USDT,2020-09-21,2.7539
SOL-USDT,2020-09-22,2.9183
SOL-USDT,2020-09-23,2.8313
SOL-USDT,2020-09-24,3.1392
SOL-USDT,2020-09-25,3.1821
SOL-USDT,2020-09-26,3.1262
SOL-USDT,2020-09-27,3.1617
SOL-USDT,2020-09-28,2.9564
SOL-USDT,2020-09-29,2.9517
SOL-USDT,2020-09-30,2.9004
SOL-USDT,2020-10-01,2.8701
SOL-USDT,2020-10-02,2.6236
SOL-USDT,2020-10-03,2.5454
SOL-USDT,2020-10-04,2.5236
SOL-USDT,2020-10-05,2.6495
SOL-USDT,2020-10-06,2.1732
SOL-USDT,2020-10-07,2.3027
SOL-USDT,2020-10-08,2.3716
SOL-USDT,2020-10-09,2.5363
SOL-USDT,2020-10-10,2.407
SOL-USDT,2020-10-11,2.4257
SOL-USDT,2020-10-12,2.5825
SOL-USDT,2020-10-13,2.4048
SOL-USDT,2020-10-14,2.3087
SOL-USDT,2020-10-15,2.267
SOL-USDT,2020-10-16,2.1404
SOL-USDT,2020-10-17,2.2062
SOL-USDT,2020-10-18,2.2186
SOL-USDT,2020-10-19,2.0578
SOL-USDT,2020-10-20,1.8905
SOL-USDT,2020-10-21,1.8933
SOL-USDT,2020-10-22,1.9619
SOL-USDT,2020-10-23,1.9645
SOL-USDT,2020-10-24,1.9196
SOL-USDT,2020-10-25,1.7937
SOL-USDT,2020-10-26,1.6786
SOL-USDT,2020-10-27,1.7135
SOL-USDT,2020-10-28,1.5196
SOL-USDT,2020-10-29,1.4325
SOL-USDT,2020-10-30,1.4378
SOL-USDT,2020-10-31,1.5472
SOL-USDT,2020-11-01,1.6076
SOL-USDT,2020-11-02,1.4741
SOL-USDT,2020-11-03,1.4131
SOL-USDT,2020-11-04,1.391
SOL-USDT,2020-11-05,1.4011
SOL-USDT,2020-11-06,1.8998
SOL-USDT,2020-11-07,2.0283
SOL-USDT,2020-11-08,2.1571
SOL-USDT,2020-11-09,2.0393
SOL-USDT,2020-11-10,2.2652
SOL-USDT,2020-11-11,2.003
SOL-USDT,2020-11-12,1.9083
SOL-USDT,2020-11-13,2.0191
SOL-USDT,2020-11-14,1.92
SOL-USDT,2020-11-15,2.0431
SOL-USDT,2020-11-16,2.268
SOL-USDT,2020-11-17,2.207
SOL-USDT,2020-11-18,2.1166
SOL-USDT,2020-11-19,2.0797
SOL-USDT,2020-11-20,2.1052
SOL-USDT,2020-11-21,2.3991
SOL-USDT,2020-11-22,2.1502
SOL-USDT,2020-11-23,2.2826
SOL-USDT,2020-11-24,2.2894
SOL-USDT,2020-11-25,2.2673
SOL-USDT,2020-11-26,1.9032
SOL-USDT,2020-11-27,1.8558
SOL-USDT,2020-11-28,1.8821
SOL-USDT,2020-11-29,1.9093
SOL-USDT,2020-11-30,1.959
SOL-USDT,2020-12-01,1.9695
SOL-USDT,2020-12-02,2.116
SOL-USDT,2020-12-03,2.0989
SOL-USDT,2020-12-04,1.8463
SOL-USDT,2020-12-05,1.9776
SOL-USDT,2020-12-06,1.8515
SOL-USDT,2020-12-07,1.8299
SOL-USDT,2020-12-08,1.6617
SOL-USDT,2020-12-09,1.6553
SOL-USDT,2020-12-10,1.5686
SOL-USDT,2020-12-11,1.4406
SOL-USDT,2020-12-12,1.4886
SOL-USDT,2020-12-13,1.5636
SOL-USDT,2020-12-14,1.5936
SOL-USDT,2020-12-15,1.7534
SOL-USDT,2020-12-16,1.7869
SOL-USDT,2020-12-17,1.6808
SOL-USDT,2020-12-18,1.7003
SOL-USDT,2020-12-19,1.6683
SOL-USDT,2020-12-20,1.5638
SOL-USDT,2020-12-21,1.5347
SOL-USDT,2020-12-22,1.4905
SOL-USDT,2020-12-23,1.1975
SOL-USDT,2020-12-24,1.3638
SOL-USDT,2020-12-25,1.4448
SOL-USDT,2020-12-26,1.3215
SOL-USDT,2020-12-27,1.3023
SOL-USDT,2020-12-28,1.5169
SOL-USDT,2020-12-29,1.666
SOL-USDT,2020-12-30,1.5304
SOL-USDT,2020-12-31,1.504
SOL-USDT,2021-01-01,1.8382
SOL-USDT,2021-01-02,1.7976
SOL-USDT,2021-01-03,2.1767
SOL-USDT,2021-01-04,2.4832
SOL-USDT,2021-01-05,2.1355
SOL-USDT,2021-01-06,1.8753
SOL-USDT,2021-01-07,2.3651
SOL-USDT,2021-01-08,3.222
SOL-USDT,2021-01-09,3.3776
SOL-USDT,2021-01-10,3.446
SOL-USDT,2021-01-11,3.0988
SOL-USDT,2021-01-12,3.6276
SOL-USDT,2021-01-13,3.5291
SOL-USDT,2021-01-14,3.2949
SOL-USDT,2021-01-15,3.2464
SOL-USDT,2021-01-16,3.4259
SOL-USDT,2021-01-17,3.8328
SOL-USDT,2021-01-18,3.7933
SOL-USDT,2021-01-19,3.6276
SOL-USDT,2021-01-20,3.7133
SOL-USDT,2021-01-21,2.9793
SOL-USDT,2021-01-22,3.3286
SOL-USDT,2021-01-23,3.5094
SOL-USDT,2021-01-24,3.6369
SOL-USDT,2021-01-25,3.7044
SOL-USDT,2021-01-26,4.0447
SOL-USDT,2021-01-27,3.6727
SOL-USDT,2021-01-28,3.8139
SOL-USDT,2021-01-29,3.8409
SOL-USDT,2021-01-30,4.2462
SOL-USDT,2021-01-31,4.2628
SOL-USDT,2021-02-01,4.6234
SOL-USDT,2021-02-02,5.2529
SOL-USDT,2021-02-03,5.7373
SOL-USDT,2021-02-04,6.4358
SOL-USDT,2021-02-05,6.7101
SOL-USDT,2021-02-06,6.1325
SOL-USDT,2021-02-07,6.7037
SOL-USDT,2021-02-08,7.8917
SOL-USDT,2021-02-09,7.8335
SOL-USDT,2021-02-10,9.1102
SOL-USDT,2021-02-11,9.2215
SOL-USDT,2021-02-12,9.2344
SOL-USDT,2021-02-13,8.7627
SOL-USDT,2021-02-14,8.7306
SOL-USDT,2021-02-15,8.8695
SOL-USDT,2021-02-16,8.3036
SOL-USDT,2021-02-17,8.2533
SOL-USDT,2021-02-18,8.9956
SOL-USDT,2021-02-19,11.5096
SOL-USDT,2021-02-20,9.9965
SOL-USDT,2021-02-21,11.0851
SOL-USDT,2021-02-22,14.3413
SOL-USDT,2021-02-23,15.2413
SOL-USDT,2021-02-24,17.2227
SOL-USDT,2021-02-25,13.8484
SOL-USDT,2021-02-26,13.5941
SOL-USDT,2021-02-27,13.19
SOL-USDT,2021-02-28,13.1072
SOL-USDT,2021-03-01,15.0036
SOL-USDT,2021-03-02,13.9565
SOL-USDT,2021-03-03,14.0941
SOL-USDT,2021-03-04,13.0784
SOL-USDT,2021-03-05,12.5659
SOL-USDT,2021-03-06,13.0512
SOL-USDT,2021-03-07,13.845
SOL-USDT,2021-03-08,13.6344
SOL-USDT,2021-03-09,14.9102
SOL-USDT,2021-03-10,14.2333
SOL-USDT,2021-03-11,16.0763
SOL-USDT,2021-03-12,14.5742
SOL-USDT,2021-03-13,15.3216
SOL-USDT,2021-03-14,14.4642
SOL-USDT,2021-03-15,14.184
SOL-USDT,2021-03-16,13.6639
SOL-USDT,2021-03-17,14.2288
SOL-USDT,2021-03-18,14.2183
SOL-USDT,2021-03-19,14.1535
SOL-USDT,2021-03-20,14.1892
SOL-USDT,2021-03-21,14.3395
SOL-USDT,2021-03-22,14.7957
SOL-USDT,2021-03-23,14.142
SOL-USDT,2021-03-24,13.5875
SOL-USDT,2021-03-25,12.9776
SOL-USDT,2021-03-26,14.7725
SOL-USDT,2021-03-27,16.4803
SOL-USDT,2021-03-28,18.1022
SOL-USDT,2021-03-29,18.9811
SOL-USDT,2021-03-30,19.0933
SOL-USDT,2021-03-31,19.4044
SOL-USDT,2021-04-01,19.0497
SOL-USDT,2021-04-02,19.8353
SOL-USDT,2021-04-03,22.4904
SOL-USDT,2021-04-04,23.7879
SOL-USDT,2021-04-05,23.018
SOL-USDT,2021-04-06,25.0987
SOL-USDT,2021-04-07,26.5699
SOL-USDT,2021-04-08,26.9589
SOL-USDT,2021-04-09,27.6623
SOL-USDT,2021-04-10,26.8349
SOL-USDT,2021-04-11,27.9493
SOL-USDT,2021-04-12,28.585
SOL-USDT,2021-04-13,27.5083
SOL-USDT,2021-04-14,26.4194
SOL-USDT,2021-04-15,27.7857
SOL-USDT,2021-04-16,25.3449
SOL-USDT,2021-04-17,24.8423
SOL-USDT,2021-04-18,32.3492
SOL-USDT,2021-04-19,31.5856
SOL-USDT,2021-04-20,31.7022
SOL-USDT,2021-04-21,32.6637
SOL-USDT,2021-04-22,38.9341
SOL-USDT,2021-04-23,37.3702
SOL-USDT,2021-04-24,40.8663
SOL-USDT,2021-04-25,47.3823
SOL-USDT,2021-04-26,43.9698
SOL-USDT,2021-04-27,43.2296
SOL-USDT,2021-04-28,44.8884
SOL-USDT,2021-04-29,42.4925
SOL-USDT,2021-04-30,42.8771
SOL-USDT,2021-05-01,49.7035
SOL-USDT,2021-05-02,46.9593
SOL-USDT,2021-05-03,46.0232
SOL-USDT,2021-05-04,42.6551
SOL-USDT,2021-05-05,45.0381
SOL-USDT,2021-05-06,43.5641
SOL-USDT,2021-05-07,43.2345
SOL-USDT,2021-05-08,45.7022
SOL-USDT,2021-05-09,44.3591
SOL-USDT,2021-05-10,42.8909
SOL-USDT,2021-05-11,44.624
SOL-USDT,2021-05-12,43.484
SOL-USDT,2021-05-13,41.052
SOL-USDT,2021-05-14,42.741
SOL-USDT,2021-05-15,43.53
SOL-USDT,2021-05-16,46.866
SOL-USDT,2021-05-17,46.74
SOL-USDT,2021-05-18,55.95
SOL-USDT,2021-05-19,34.952
SOL-USDT,2021-05-20,44.431
SOL-USDT,2021-05-21,38.921
SOL-USDT,2021-05-22,31.225
SOL-USDT,2021-05-23,24.517
SOL-USDT,2021-05-24,31.417
SOL-USDT,2021-05-25,30.007
SOL-USDT,2021-05-26,35.42
SOL-USDT,2021-05-27,33.779
SOL-USDT,2021-05-28,28.993
SOL-USDT,2021-05-29,27.38
SOL-USDT,2021-05-30,28.59
SOL-USDT,2021-05-31,32.749
SOL-USDT,2021-06-01,30.955
SOL-USDT,2021-06-02,33.994
SOL-USDT,2021-06-03,39.627
SOL-USDT,2021-06-04,37.37
SOL-USDT,2021-06-05,39.658
SOL-USDT,2021-06-06,42.199
SOL-USDT,2021-06-07,38.247
SOL-USDT,2021-06-08,41.229
SOL-USDT,2021-06-09,42.024
SOL-USDT,2021-06-10,41.09
SOL-USDT,2021-06-11,36.162
SOL-USDT,2021-06-12,36.474
SOL-USDT,2021-06-13,38.708
SOL-USDT,2021-06-14,39.672
SOL-USDT,2021-06-15,39.54
SOL-USDT,2021-06-16,39.677
SOL-USDT,2021-06-17,39.269
SOL-USDT,2021-06-18,36.8
SOL-USDT,2021-06-19,35.151
SOL-USDT,2021-06-20,35.228
SOL-USDT,2021-06-21,26.578
SOL-USDT,2021-06-22,26.956
SOL-USDT,2021-06-23,30.774
SOL-USDT,2021-06-24,31.151
SOL-USDT,2021-06-25,28.591
SOL-USDT,2021-06-26,29.639
SOL-USDT,2021-06-27,31.853
SOL-USDT,2021-06-28,33.013
SOL-USDT,2021-06-29,33.949
SOL-USDT,2021-06-30,35.493
SOL-USDT,2021-07-01,33.254
SOL-USDT,2021-07-02,33.97
SOL-USDT,2021-07-03,34.5
SOL-USDT,2021-07-04,34.29
SOL-USDT,2021-07-05,32.887
SOL-USDT,2021-07-06,34.206
SOL-USDT,2021-07-07,36.659
SOL-USDT,2021-07-08,33.128
SOL-USDT,2021-07-09,33.325
SOL-USDT,2021-07-10,31.688
SOL-USDT,2021-07-11,32.173
SOL-USDT,2021-07-12,30.751
SOL-USDT,2021-07-13,29.147
SOL-USDT,2021-07-14,31.355
SOL-USDT,2021-07-15,28.572
SOL-USDT,2021-07-16,26.259
SOL-USDT,2021-07-17,26.79
SOL-USDT,2021-07-18,26.662
SOL-USDT,2021-07-19,24.511
SOL-USDT,2021-07-20,23.466
SOL-USDT,2021-07-21,26.675
SOL-USDT,2021-07-22,27.679
SOL-USDT,2021-07-23,28.519
SOL-USDT,2021-07-24,28.621
SOL-USDT,2021-07-25,28.232
SOL-USDT,2021-07-26,28.18
SOL-USDT,2021-07-27,28.102
SOL-USDT,2021-07-28,27.875
SOL-USDT,2021-07-29,31.25
SOL-USDT,2021-07-30,32.35
SOL-USDT,2021-07-31,36.721
SOL-USDT,2021-08-01,34.164
SOL-USDT,2021-08-02,33.194
SOL-USDT,2021-08-03,34.136
SOL-USDT,2021-08-04,35.771
SOL-USDT,2021-08-05,37.399
SOL-USDT,2021-08-06,39.546
SOL-USDT,2021-08-07,39.489
SOL-USDT,2021-08-08,37.688
SOL-USDT,2021-08-09,38.68
SOL-USDT,2021-08-10,40.676
SOL-USDT,2021-08-11,41.65
SOL-USDT,2021-08-12,41.122
SOL-USDT,2021-08-13,44.9
SOL-USDT,2021-08-14,44.141
SOL-USDT,2021-08-15,53.565
SOL-USDT,2021-08-16,62.128
SOL-USDT,2021-08-17,64.218
SOL-USDT,2021-08-18,72.787
SOL-USDT,2021-08-19,72.873
SOL-USDT,2021-08-20,78.771
SOL-USDT,2021-08-21,73.904
SOL-USDT,2021-08-22,72.806
SOL-USDT,2021-08-23,75.702
SOL-USDT,2021-08-24,70.511
SOL-USDT,2021-08-25,72.028
SOL-USDT,2021-08-26,74.875
SOL-USDT,2021-08-27,87.954
SOL-USDT,2021-08-28,96.225
SOL-USDT,2021-08-29,94.239
SOL-USDT,2021-08-30,110.318
SOL-USDT,2021-08-31,108.341
SOL-USDT,2021-09-01,110.894
SOL-USDT,2021-09-02,128.329
SOL-USDT,2021-09-03,146.403
SOL-USDT,2021-09-04,139.155
SOL-USDT,2021-09-05,142.14
SOL-USDT,2021-09-06,164.272
SOL-USDT,2021-09-07,173.644
SOL-USDT,2021-09-08,191.215
SOL-USDT,2021-09-09,188.127
SOL-USDT,2021-09-10,179.756
SOL-USDT,2021-09-11,179.243
SOL-USDT,2021-09-12,174.507
SOL-USDT,2021-09-13,169.656
SOL-USDT,2021-09-14,158.806
SOL-USDT,2021-09-15,158.991
SOL-USDT,2021-09-16,152.365
SOL-USDT,2021-09-17,147.626
SOL-USDT,2021-09-18,169.228
SOL-USDT,2021-09-19,152.973
SOL-USDT,2021-09-20,132.834
SOL-USDT,2021-09-21,124.248
SOL-USDT,2021-09-22,147.952
SOL-USDT,2021-09-23,149.897
SOL-USDT,2021-09-24,139.147
SOL-USDT,2021-09-25,136.079
SOL-USDT,2021-09-26,135.619
SOL-USDT,2021-09-27,136.308
SOL-USDT,2021-09-28,132.158
SOL-USDT,2021-09-29,135.265
SOL-USDT,2021-09-30,141.358
SOL-USDT,2021-10-01,161.597
SOL-USDT,2021-10-02,168.889
SOL-USDT,2021-10-03,173.045
SOL-USDT,2021-10-04,167.244
SOL-USDT,2021-10-05,164.745
SOL-USDT,2021-10-06,154.005
SOL-USDT,2021-10-07,154.38
SOL-USDT,2021-10-08,158.932
SOL-USDT,2021-10-09,156.943
SOL-USDT,2021-10-10,147.62
SOL-USDT,2021-10-11,144.888
SOL-USDT,2021-10-12,152.328
SOL-USDT,2021-10-13,148.08
SOL-USDT,2021-10-14,150.164
SOL-USDT,2021-10-15,163.236
SOL-USDT,2021-10-16,157.686
SOL-USDT,2021-10-17,160.291
SOL-USDT,2021-10-18,157.263
SOL-USDT,2021-10-19,155.941
SOL-USDT,2021-10-20,176.821
SOL-USDT,2021-10-21,190.647
SOL-USDT,2021-10-22,196.446
SOL-USDT,2021-10-23,197.88
SOL-USDT,2021-10-24,202.386
SOL-USDT,2021-10-25,209.949
SOL-USDT,2021-10-26,199.998
SOL-USDT,2021-10-27,184.468
SOL-USDT,2021-10-28,195.5
SOL-USDT,2021-10-29,200.529
SOL-USDT,2021-10-30,195.85
SOL-USDT,2021-10-31,202.668
SOL-USDT,2021-11-01,204.144
SOL-USDT,2021-11-02,221.044
SOL-USDT,2021-11-03,243.25
SOL-USDT,2021-11-04,246.995
SOL-USDT,2021-11-05,236.231
SOL-USDT,2021-11-06,258.336
SOL-USDT,2021-11-07,249.746
SOL-USDT,2021-11-08,248.42
SOL-USDT,2021-11-09,239.301
SOL-USDT,2021-11-10,233.233
SOL-USDT,2021-11-11,233.469
SOL-USDT,2021-11-12,228.572
SOL-USDT,2021-11-13,241.568
SOL-USDT,2021-11-14,238.737
SOL-USDT,2021-11-15,238.282
SOL-USDT,2021-11-16,219.043
SOL-USDT,2021-11-17,219.073
SOL-USDT,2021-11-18,195.18
SOL-USDT,2021-11-19,215.369
SOL-USDT,2021-11-20,217.695
SOL-USDT,2021-11-21,230.788
SOL-USDT,2021-11-22,215.61
SOL-USDT,2021-11-23,221.918
SOL-USDT,2021-11-24,205.779
SOL-USDT,2021-11-25,210.181
SOL-USDT,2021-11-26,192.423
SOL-USDT,2021-11-27,192.775
SOL-USDT,2021-11-28,200.713
SOL-USDT,2021-11-29,204.275
SOL-USDT,2021-11-30,208.617
SOL-USDT,2021-12-01,229.812
SOL-USDT,2021-12-02,233.677
SOL-USDT,2021-12-03,211.607
SOL-USDT,2021-12-04,200.583
SOL-USDT,2021-12-05,196.317
SOL-USDT,2021-12-06,193.518
SOL-USDT,2021-12-07,190.155
SOL-USDT,2021-12-08,194.539
SOL-USDT,2021-12-09,181.04
SOL-USDT,2021-12-10,167.229
SOL-USDT,2021-12-11,172.09
SOL-USDT,2021-12-12,172.799
SOL-USDT,2021-12-13,155.19
SOL-USDT,2021-12-14,161.16
SOL-USDT,2021-12-15,178.43
SOL-USDT,2021-12-16,176.92
SOL-USDT,2021-12-17,175.51
SOL-USDT,2021-12-18,182.68
SOL-USDT,2021-12-19,179.86
SOL-USDT,2021-12-20,173.91
SOL-USDT,2021-12-21,179.56
SOL-USDT,2021-12-22,178.37
SOL-USDT,2021-12-23,190.11
SOL-USDT,2021-12-24,190.36
SOL-USDT,2021-12-25,193
SOL-USDT,2021-12-26,197.8
SOL-USDT,2021-12-27,195.71
SOL-USDT,2021-12-28,177.2
SOL-USDT,2021-12-29,170.66
SOL-USDT,2021-12-30,172.48
SOL-USDT,2021-12-31,169.98
SOL-USDT,2022-01-01,179.05
SOL-USDT,2022-01-02,176.29
SOL-USDT,2022-01-03,170.18
SOL-USDT,2022-01-04,167.83
SOL-USDT,2022-01-05,154.38
SOL-USDT,2022-01-06,150.26
SOL-USDT,2022-01-07,136.43
SOL-USDT,2022-01-08,142.15
SOL-USDT,2022-01-09,140.77
SOL-USDT,2022-01-10,135.73
SOL-USDT,2022-01-11,140.13
SOL-USDT,2022-01-12,151.48
SOL-USDT,2022-01-13,146.1
SOL-USDT,2022-01-14,146.13
SOL-USDT,2022-01-15,147.57
SOL-USDT,2022-01-16,147.92
SOL-USDT,2022-01-17,139.74
SOL-USDT,2022-01-18,141.19
SOL-USDT,2022-01-19,135.21
SOL-USDT,2022-01-20,127.45
SOL-USDT,2022-01-21,112.2
SOL-USDT,2022-01-22,94.46
SOL-USDT,2022-01-23,99.67
SOL-USDT,2022-01-24,91.85
SOL-USDT,2022-01-25,94.54
SOL-USDT,2022-01-26,92.06
SOL-USDT,2022-01-27,89.43
SOL-USDT,2022-01-28,91.29
SOL-USDT,2022-01-29,96.11
SOL-USDT,2022-01-30,93.15
SOL-USDT,2022-01-31,99.48
SOL-USDT,2022-02-01,109.97
SOL-USDT,2022-02-02,101.84
SOL-USDT,2022-02-03,101.76
SOL-USDT,2022-02-04,112.57
SOL-USDT,2022-02-05,113.66
SOL-USDT,2022-02-06,115.18
SOL-USDT,2022-02-07,117.46
SOL-USDT,2022-02-08,113.37
SOL-USDT,2022-02-09,113.9
SOL-USDT,2022-02-10,106.09
SOL-USDT,2022-02-11,96.44
SOL-USDT,2022-02-12,95.88
SOL-USDT,2022-02-13,92.8
SOL-USDT,2022-02-14,96.37
SOL-USDT,2022-02-15,105.44
SOL-USDT,2022-02-16,101.78
SOL-USDT,2022-02-17,93.46
SOL-USDT,2022-02-18,89.82
SOL-USDT,2022-02-19,91.25
SOL-USDT,2022-02-20,90.63
SOL-USDT,2022-02-21,82.89
SOL-USDT,2022-02-22,86.34
SOL-USDT,2022-02-23,84.53
SOL-USDT,2022-02-24,89.35
SOL-USDT,2022-02-25,92.69
SOL-USDT,2022-02-26,90.21
SOL-USDT,2022-02-27,85.58
SOL-USDT,2022-02-28,99.62
SOL-USDT,2022-03-01,98.61
SOL-USDT,2022-03-02,100.69
SOL-USDT,2022-03-03,95.58
SOL-USDT,2022-03-04,88.26
SOL-USDT,2022-03-05,89.59
SOL-USDT,2022-03-06,84.53
SOL-USDT,2022-03-07,81.62
SOL-USDT,2022-03-08,82.25
SOL-USDT,2022-03-09,88.04
SOL-USDT,2022-03-10,82.81
SOL-USDT,2022-03-11,80.64
SOL-USDT,2022-03-12,81.38
SOL-USDT,2022-03-13,78.69
SOL-USDT,2022-03-14,81.2
SOL-USDT,2022-03-15,82.83
SOL-USDT,2022-03-16,87.73
SOL-USDT,2022-03-17,87.83
SOL-USDT,2022-03-18,89.77
SOL-USDT,2022-03-19,92.31
SOL-USDT,2022-03-20,88.58
SOL-USDT,2022-03-21,88.55
SOL-USDT,2022-03-22,90.44
SOL-USDT,2022-03-23,94.83
SOL-USDT,2022-03-24,102.33
SOL-USDT,2022-03-25,98.55
SOL-USDT,2022-03-26,101.68
SOL-USDT,2022-03-27,106.94
SOL-USDT,2022-03-28,105.73
SOL-USDT,2022-03-29,111.56
SOL-USDT,2022-03-30,120.85
SOL-USDT,2022-03-31,122.85
SOL-USDT,2022-04-01,134.53
SOL-USDT,2022-04-02,132.48
SOL-USDT,2022-04-03,136.85
SOL-USDT,2022-04-04,132.09
SOL-USDT,2022-04-05,126.84
SOL-USDT,2022-04-06,112.87
SOL-USDT,2022-04-07,118.41
SOL-USDT,2022-04-08,109.83
SOL-USDT,2022-04-09,112.89
SOL-USDT,2022-04-10,111.04
SOL-USDT,2022-04-11,99.62
SOL-USDT,2022-04-12,103.17
SOL-USDT,2022-04-13,104.89
SOL-USDT,2022-04-14,100.72
SOL-USDT,2022-04-15,101.33
SOL-USDT,2022-04-16,102.02
SOL-USDT,2022-04-17,100.08
SOL-USDT,2022-04-18,102.35
SOL-USDT,2022-04-19,108.45
SOL-USDT,2022-04-20,105.52
SOL-USDT,2022-04-21,101.69
SOL-USDT,2022-04-22,100.5
SOL-USDT,2022-04-23,100.61
SOL-USDT,2022-04-24,99.13
SOL-USDT,2022-04-25,100.94
SOL-USDT,2022-04-26,95.65
SOL-USDT,2022-04-27,98.3
SOL-USDT,2022-04-28,98.18
SOL-USDT,2022-04-29,93.94
SOL-USDT,2022-04-30,84.5
SOL-USDT,2022-05-01,89.61
SOL-USDT,2022-05-02,87.44
SOL-USDT,2022-05-03,85.81
SOL-USDT,2022-05-04,92.7
SOL-USDT,2022-05-05,84.48
SOL-USDT,2022-05-06,81.63
SOL-USDT,2022-05-07,78.8
SOL-USDT,2022-05-08,75.34
SOL-USDT,2022-05-09,62.08
SOL-USDT,2022-05-10,66.83
SOL-USDT,2022-05-11,50.84
SOL-USDT,2022-05-12,44.63
SOL-USDT,2022-05-13,48.88
SOL-USDT,2022-05-14,52.4
SOL-USDT,2022-05-15,58.8
SOL-USDT,2022-05-16,53.77
SOL-USDT,2022-05-17,57
SOL-USDT,2022-05-18,49.92
SOL-USDT,2022-05-19,52.18
SOL-USDT,2022-05-20,49.41
SOL-USDT,2022-05-21,50.27
SOL-USDT,2022-05-22,52.44
SOL-USDT,2022-05-23,49.14
SOL-USDT,2022-05-24,49.66
SOL-USDT,2022-05-25,47.95
SOL-USDT,2022-05-26,43.41
SOL-USDT,2022-05-27,41.15
SOL-USDT,2022-05-28,44.22
SOL-USDT,2022-05-29,44.95
SOL-USDT,2022-05-30,47.21
SOL-USDT,2022-05-31,45.76
SOL-USDT,2022-06-01,40.09
SOL-USDT,2022-06-02,40.84
SOL-USDT,2022-06-03,38.24
SOL-USDT,2022-06-04,38.99
SOL-USDT,2022-06-05,38.51
SOL-USDT,2022-06-06,42.35
SOL-USDT,2022-06-07,39.28
SOL-USDT,2022-06-08,38.8
SOL-USDT,2022-06-09,39.95
SOL-USDT,2022-06-10,37.12
SOL-USDT,2022-06-11,33.91
SOL-USDT,2022-06-12,30.56
SOL-USDT,2022-06-13,28.58
SOL-USDT,2022-06-14,29.56
SOL-USDT,2022-06-15,34.72
SOL-USDT,2022-06-16,30.1
SOL-USDT,2022-06-17,30.7
SOL-USDT,2022-06-18,31.98
SOL-USDT,2022-06-19,34.16
SOL-USDT,2022-06-20,35.22
SOL-USDT,2022-06-21,36.39
SOL-USDT,2022-06-22,34.11
SOL-USDT,2022-06-23,38.15
SOL-USDT,2022-06-24,41.89
SOL-USDT,2022-06-25,42.21
SOL-USDT,2022-06-26,39.36
SOL-USDT,2022-06-27,38.5
SOL-USDT,2022-06-28,35.32
SOL-USDT,2022-06-29,34.02
SOL-USDT,2022-06-30,33.73
SOL-USDT,2022-07-01,32.83
SOL-USDT,2022-07-02,33.34
SOL-USDT,2022-07-03,33.37
SOL-USDT,2022-07-04,36.71
SOL-USDT,2022-07-05,35.37
SOL-USDT,2022-07-06,37.01
SOL-USDT,2022-07-07,38.44
SOL-USDT,2022-07-08,38.1
SOL-USDT,2022-07-09,38.02
SOL-USDT,2022-07-10,36.7
SOL-USDT,2022-07-11,33.39
SOL-USDT,2022-07-12,32.65
SOL-USDT,2022-07-13,34.93
SOL-USDT,2022-07-14,37.12
SOL-USDT,2022-07-15,37.35
SOL-USDT,2022-07-16,39.57
SOL-USDT,2022-07-17,38.58
SOL-USDT,2022-07-18,43.53
SOL-USDT,2022-07-19,44.86
SOL-USDT,2022-07-20,42.02
SOL-USDT,2022-07-21,43.11
SOL-USDT,2022-07-22,40.49
SOL-USDT,2022-07-23,39.95
SOL-USDT,2022-07-24,40.91
SOL-USDT,2022-07-25,36.64
SOL-USDT,2022-07-26,36.22
SOL-USDT,2022-07-27,40.21
SOL-USDT,2022-07-28,42.9
SOL-USDT,2022-07-29,41.9
SOL-USDT,2022-07-30,43.83
SOL-USDT,2022-07-31,42.32
SOL-USDT,2022-08-01,41.61
SOL-USDT,2022-08-02,39.73
SOL-USDT,2022-08-03,38.52
SOL-USDT,2022-08-04,38.81
SOL-USDT,2022-08-05,40.55
SOL-USDT,2022-08-06,40.04
SOL-USDT,2022-08-07,40.59
SOL-USDT,2022-08-08,42.15
SOL-USDT,2022-08-09,40.3
SOL-USDT,2022-08-10,42.45
SOL-USDT,2022-08-11,42.75
SOL-USDT,2022-08-12,45.46
SOL-USDT,2022-08-13,46.57
SOL-USDT,2022-08-14,44.86
SOL-USDT,2022-08-15,43.7
SOL-USDT,2022-08-16,43.06
SOL-USDT,2022-08-17,40.51
SOL-USDT,2022-08-18,39.48
SOL-USDT,2022-08-19,35.79
SOL-USDT,2022-08-20,35.25
SOL-USDT,2022-08-21,36.45
SOL-USDT,2022-08-22,35.39
SOL-USDT,2022-08-23,35.66
SOL-USDT,2022-08-24,34.85
SOL-USDT,2022-08-25,35.22
SOL-USDT,2022-08-26,31.68
SOL-USDT,2022-08-27,31.5
SOL-USDT,2022-08-28,30.38
SOL-USDT,2022-08-29,32.39
SOL-USDT,2022-08-30,31.47
SOL-USDT,2022-08-31,31.46
SOL-USDT,2022-09-01,31.59
SOL-USDT,2022-09-02,31.21
SOL-USDT,2022-09-03,31.1
SOL-USDT,2022-09-04,32.15
SOL-USDT,2022-09-05,32.15
SOL-USDT,2022-09-06,30.87
SOL-USDT,2022-09-07,32.68
SOL-USDT,2022-09-08,33.6
SOL-USDT,2022-09-09,34.66
SOL-USDT,2022-09-10,35.03
SOL-USDT,2022-09-11,34.97
SOL-USDT,2022-09-12,37.43
SOL-USDT,2022-09-13,32.96
SOL-USDT,2022-09-14,34.09
SOL-USDT,2022-09-15,33.05
SOL-USDT,2022-09-16,32.24
SOL-USDT,2022-09-17,33.66
SOL-USDT,2022-09-18,31.07
SOL-USDT,2022-09-19,32.62
SOL-USDT,2022-09-20,31.4
SOL-USDT,2022-09-21,30.63
SOL-USDT,2022-09-22,32.41
SOL-USDT,2022-09-23,33.66
SOL-USDT,2022-09-24,33.36
SOL-USDT,2022-09-25,32.31
SOL-USDT,2022-09-26,33.86
SOL-USDT,2022-09-27,32.66
SOL-USDT,2022-09-28,33.22
SOL-USDT,2022-09-29,33.92
SOL-USDT,2022-09-30,33.22
SOL-USDT,2022-10-01,32.42
SOL-USDT,2022-10-02,32.04
SOL-USDT,2022-10-03,32.89
SOL-USDT,2022-10-04,34.08
SOL-USDT,2022-10-05,34.02
SOL-USDT,2022-10-06,33.33
SOL-USDT,2022-10-07,32.96
SOL-USDT,2022-10-08,32.56
SOL-USDT,2022-10-09,32.9
SOL-USDT,2022-10-10,31.93
SOL-USDT,2022-10-11,30.78
SOL-USDT,2022-10-12,31.14
SOL-USDT,2022-10-13,30.47
SOL-USDT,2022-10-14,29.97
SOL-USDT,2022-10-15,29.58
SOL-USDT,2022-10-16,30.14
SOL-USDT,2022-10-17,31.18
SOL-USDT,2022-10-18,30.13
SOL-USDT,2022-10-19,28.84
SOL-USDT,2022-10-20,28
SOL-USDT,2022-10-21,28.08
SOL-USDT,2022-10-22,27.98
SOL-USDT,2022-10-23,29.25
SOL-USDT,2022-10-24,28.28
SOL-USDT,2022-10-25,30.85
SOL-USDT,2022-10-26,31.27
SOL-USDT,2022-10-27,30.57
SOL-USDT,2022-10-28,32.06
SOL-USDT,2022-10-29,32.86
SOL-USDT,2022-10-30,32.91
SOL-USDT,2022-10-31,32.54
SOL-USDT,2022-11-01,32.18
SOL-USDT,2022-11-02,30.79
SOL-USDT,2022-11-03,30.83
SOL-USDT,2022-11-04,33.72
SOL-USDT,2022-11-05,36.89
SOL-USDT,2022-11-06,32.6
SOL-USDT,2022-11-07,29.59
SOL-USDT,2022-11-08,23.82
SOL-USDT,2022-11-09,11.7
SOL-USDT,2022-11-10,17.615
SOL-USDT,2022-11-11,16.426
SOL-USDT,2022-11-12,14.56
SOL-USDT,2022-11-13,13.126
SOL-USDT,2022-11-14,13.999
SOL-USDT,2022-11-15,14.303
SOL-USDT,2022-11-16,14.257
SOL-USDT,2022-11-17,13.62
SOL-USDT,2022-11-18,13.257
SOL-USDT,2022-11-19,12.837
SOL-USDT,2022-11-20,12.251
SOL-USDT,2022-11-21,11.825
SOL-USDT,2022-11-22,12.427
SOL-USDT,2022-11-23,14.331
SOL-USDT,2022-11-24,14.591
SOL-USDT,2022-11-25,14.015
SOL-USDT,2022-11-26,14.133
SOL-USDT,2022-11-27,14.099
SOL-USDT,2022-11-28,13.313
SOL-USDT,2022-11-29,13.336
SOL-USDT,2022-11-30,14.162
SOL-USDT,2022-12-01,13.489
SOL-USDT,2022-12-02,13.703
SOL-USDT,2022-12-03,13.289
SOL-USDT,2022-12-04,13.7
SOL-USDT,2022-12-05,13.81
SOL-USDT,2022-12-06,14.281
SOL-USDT,2022-12-07,13.487
SOL-USDT,2022-12-08,13.67
SOL-USDT,2022-12-09,13.579
SOL-USDT,2022-12-10,13.56
SOL-USDT,2022-12-11,13.406
SOL-USDT,2022-12-12,13.304
SOL-USDT,2022-12-13,13.894
SOL-USDT,2022-12-14,14.12
SOL-USDT,2022-12-15,14.044
SOL-USDT,2022-12-16,12.239
SOL-USDT,2022-12-17,12.489
SOL-USDT,2022-12-18,12.369
SOL-USDT,2022-12-19,11.93
SOL-USDT,2022-12-20,12.247
SOL-USDT,2022-12-21,12.127
SOL-USDT,2022-12-22,11.814
SOL-USDT,2022-12-23,11.772
SOL-USDT,2022-12-24,11.423
SOL-USDT,2022-12-25,11.373
SOL-USDT,2022-12-26,11.325
SOL-USDT,2022-12-27,11.087
SOL-USDT,2022-12-28,9.749
SOL-USDT,2022-12-29,9.614
SOL-USDT,2022-12-30,9.877
SOL-USDT,2022-12-31,9.968
SOL-USDT,2023-01-01,9.977
SOL-USDT,2023-01-02,11.259
SOL-USDT,2023-01-03,13.326
SOL-USDT,2023-01-04,13.405
SOL-USDT,2023-01-05,13.418
SOL-USDT,2023-01-06,13.483
SOL-USDT,2023-01-07,13.087
SOL-USDT,2023-01-08,14.465
SOL-USDT,2023-01-09,16.253
SOL-USDT,2023-01-10,16.191
SOL-USDT,2023-01-11,16.355
SOL-USDT,2023-01-12,16.584
SOL-USDT,2023-01-13,18.289
SOL-USDT,2023-01-14,24.283
SOL-USDT,2023-01-15,22.903
SOL-USDT,2023-01-16,23.601
SOL-USDT,2023-01-17,22.855
SOL-USDT,2023-01-18,20.804
SOL-USDT,2023-01-19,21.408
SOL-USDT,2023-01-20,25.513
SOL-USDT,2023-01-21,24.564
SOL-USDT,2023-01-22,24.195
SOL-USDT,2023-01-23,24.347
SOL-USDT,2023-01-24,22.77
SOL-USDT,2023-01-25,24.534
SOL-USDT,2023-01-26,24.345
SOL-USDT,2023-01-27,24.441
SOL-USDT,2023-01-28,24.002
SOL-USDT,2023-01-29,26.09
SOL-USDT,2023-01-30,23.957
SOL-USDT,2023-01-31,23.913
SOL-USDT,2023-02-01,25.011
SOL-USDT,2023-02-02,24.315
SOL-USDT,2023-02-03,24.683
SOL-USDT,2023-02-04,24.318
SOL-USDT,2023-02-05,23.464
SOL-USDT,2023-02-06,22.635
SOL-USDT,2023-02-07,23.817
SOL-USDT,2023-02-08,23.21
SOL-USDT,2023-02-09,20.482
SOL-USDT,2023-02-10,20.088
SOL-USDT,2023-02-11,20.782
SOL-USDT,2023-02-12,21.483
SOL-USDT,2023-02-13,20.748
SOL-USDT,2023-02-14,21.836
SOL-USDT,2023-02-15,23.862
SOL-USDT,2023-02-16,22.257
SOL-USDT,2023-02-17,23.146
SOL-USDT,2023-02-18,23.464
SOL-USDT,2023-02-19,24.853
SOL-USDT,2023-02-20,26.291
SOL-USDT,2023-02-21,24.983
SOL-USDT,2023-02-22,24.145
SOL-USDT,2023-02-23,23.909
SOL-USDT,2023-02-24,23.06
SOL-USDT,2023-02-25,22.359
SOL-USDT,2023-02-26,23.238
SOL-USDT,2023-02-27,22.665
SOL-USDT,2023-02-28,21.875
SOL-USDT,2023-03-01,22.499
SOL-USDT,2023-03-02,21.991
SOL-USDT,2023-03-03,21.404
SOL-USDT,2023-03-04,20.977
SOL-USDT,2023-03-05,20.96
SOL-USDT,2023-03-06,20.622
SOL-USDT,2023-03-07,20.233
SOL-USDT,2023-03-08,18.413
SOL-USDT,2023-03-09,17.318
SOL-USDT,2023-03-10,18.15
SOL-USDT,2023-03-11,18.061
SOL-USDT,2023-03-12,20.193
SOL-USDT,2023-03-13,20.399
SOL-USDT,2023-03-14,20.87
SOL-USDT,2023-03-15,19.24
SOL-USDT,2023-03-16,19.662
SOL-USDT,2023-03-17,21.598
SOL-USDT,2023-03-18,21.213
SOL-USDT,2023-03-19,21.864
SOL-USDT,2023-03-20,22.121
SOL-USDT,2023-03-21,22.526
SOL-USDT,2023-03-22,21.404
SOL-USDT,2023-03-23,22.157
SOL-USDT,2023-03-24,20.649
SOL-USDT,2023-03-25,20.394
SOL-USDT,2023-03-26,20.931
SOL-USDT,2023-03-27,19.887
SOL-USDT,2023-03-28,20.439
SOL-USDT,2023-03-29,21.086
SOL-USDT,2023-03-30,20.543
SOL-USDT,2023-03-31,21.161
SOL-USDT,2023-04-01,21.079
SOL-USDT,2023-04-02,20.509
SOL-USDT,2023-04-03,20.444
SOL-USDT,2023-04-04,20.905
SOL-USDT,2023-04-05,20.957
SOL-USDT,2023-04-06,20.608
SOL-USDT,2023-04-07,20.433
SOL-USDT,2023-04-08,20.025
SOL-USDT,2023-04-09,20.278
SOL-USDT,2023-04-10,20.893
SOL-USDT,2023-04-11,22.999
SOL-USDT,2023-04-12,23.798
SOL-USDT,2023-04-13,24.424
SOL-USDT,2023-04-14,24.721
SOL-USDT,2023-04-15,24.057
SOL-USDT,2023-04-16,25.352
SOL-USDT,2023-04-17,24.59
SOL-USDT,2023-04-18,24.829
SOL-USDT,2023-04-19,22.655
SOL-USDT,2023-04-20,22.184
SOL-USDT,2023-04-21,21.247
SOL-USDT,2023-04-22,21.782
SOL-USDT,2023-04-23,21.461
SOL-USDT,2023-04-24,21.373
SOL-USDT,2023-04-25,21.924
SOL-USDT,2023-04-26,21.256
SOL-USDT,2023-04-27,22.326
SOL-USDT,2023-04-28,23.331
SOL-USDT,2023-04-29,23.175
SOL-USDT,2023-04-30,22.729
SOL-USDT,2023-05-01,21.939
SOL-USDT,2023-05-02,22.244
SOL-USDT,2023-05-03,22.227
SOL-USDT,2023-05-04,21.726
SOL-USDT,2023-05-05,22.813
SOL-USDT,2023-05-06,21.908
SOL-USDT,2023-05-07,21.659
SOL-USDT,2023-05-08,20.615
SOL-USDT,2023-05-09,20.648
SOL-USDT,2023-05-10,20.909
SOL-USDT,2023-05-11,20.163
SOL-USDT,2023-05-12,20.898
SOL-USDT,2023-05-13,20.832
SOL-USDT,2023-05-14,20.917
SOL-USDT,2023-05-15,20.971
SOL-USDT,2023-05-16,20.669
SOL-USDT,2023-05-17,21.047
SOL-USDT,2023-05-18,20.329
SOL-USDT,2023-05-19,20.343
SOL-USDT,2023-05-20,20.264
SOL-USDT,2023-05-21,19.605
SOL-USDT,2023-05-22,19.514
SOL-USDT,2023-05-23,20.024
SOL-USDT,2023-05-24,19.201
SOL-USDT,2023-05-25,19.243
SOL-USDT,2023-05-26,19.349
SOL-USDT,2023-05-27,20.415
SOL-USDT,2023-05-28,20.797
SOL-USDT,2023-05-29,20.575
SOL-USDT,2023-05-30,21.244
SOL-USDT,2023-05-31,20.809
SOL-USDT,2023-06-01,20.486
SOL-USDT,2023-06-02,21.247
SOL-USDT,2023-06-03,21.183
SOL-USDT,2023-06-04,21.814
SOL-USDT,2023-06-05,19.997
SOL-USDT,2023-06-06,20.379
SOL-USDT,2023-06-07,18.627
SOL-USDT,2023-06-08,18.873
SOL-USDT,2023-06-09,17.384
SOL-USDT,2023-06-10,15.605
SOL-USDT,2023-06-11,15.534
SOL-USDT,2023-06-12,15.183
SOL-USDT,2023-06-13,15.025
SOL-USDT,2023-06-14,14.476
SOL-USDT,2023-06-15,14.766
SOL-USDT,2023-06-16,15.306
SOL-USDT,2023-06-17,15.633
SOL-USDT,2023-06-18,15.43
SOL-USDT,2023-06-19,16.1
SOL-USDT,2023-06-20,16.632
SOL-USDT,2023-06-21,17.22
SOL-USDT,2023-06-22,16.62
SOL-USDT,2023-06-23,17.129
SOL-USDT,2023-06-24,16.634
SOL-USDT,2023-06-25,16.947
SOL-USDT,2023-06-26,16.264
SOL-USDT,2023-06-27,16.621
SOL-USDT,2023-06-28,15.967
SOL-USDT,2023-06-29,17.988
SOL-USDT,2023-06-30,18.858
SOL-USDT,2023-07-01,18.677
SOL-USDT,2023-07-02,19.453
SOL-USDT,2023-07-03,19.251
SOL-USDT,2023-07-04,19.13
SOL-USDT,2023-07-05,18.981
SOL-USDT,2023-07-06,19.592
SOL-USDT,2023-07-07,21.484
SOL-USDT,2023-07-08,21.807
SOL-USDT,2023-07-09,21.314
SOL-USDT,2023-07-10,21.286
SOL-USDT,2023-07-11,22.05
SOL-USDT,2023-07-12,21.928
SOL-USDT,2023-07-13,26.018
SOL-USDT,2023-07-14,26.671
SOL-USDT,2023-07-15,27.459
SOL-USDT,2023-07-16,27.404
SOL-USDT,2023-07-17,26.79
SOL-USDT,2023-07-18,25.544
SOL-USDT,2023-07-19,26.298
SOL-USDT,2023-07-20,25.365
SOL-USDT,2023-07-21,25.493
SOL-USDT,2023-07-22,24.512
SOL-USDT,2023-07-23,24.752
SOL-USDT,2023-07-24,23.354
SOL-USDT,2023-07-25,23.264
SOL-USDT,2023-07-26,25.163
SOL-USDT,2023-07-27,25.08
SOL-USDT,2023-07-28,24.798
SOL-USDT,2023-07-29,25.159
SOL-USDT,2023-07-30,24.236
SOL-USDT,2023-07-31,23.716
SOL-USDT,2023-08-01,24.045
SOL-USDT,2023-08-02,23.135
SOL-USDT,2023-08-03,22.634
SOL-USDT,2023-08-04,22.792
SOL-USDT,2023-08-05,22.641
SOL-USDT,2023-08-06,23.182
SOL-USDT,2023-08-07,23.108
SOL-USDT,2023-08-08,24.205
SOL-USDT,2023-08-09,24.375
SOL-USDT,2023-08-10,24.614
SOL-USDT,2023-08-11,24.613
SOL-USDT,2023-08-12,24.902
SOL-USDT,2023-08-13,24.216
SOL-USDT,2023-08-14,25.175
SOL-USDT,2023-08-15,23.889
SOL-USDT,2023-08-16,22.811
SOL-USDT,2023-08-17,21.661
SOL-USDT,2023-08-18,21.336
SOL-USDT,2023-08-19,21.88
SOL-USDT,2023-08-20,21.76
SOL-USDT,2023-08-21,21.187
SOL-USDT,2023-08-22,20.572
SOL-USDT,2023-08-23,21.717
SOL-USDT,2023-08-24,21.039
SOL-USDT,2023-08-25,20.409
SOL-USDT,2023-08-26,20.272
SOL-USDT,2023-08-27,20.779
SOL-USDT,2023-08-28,20.549
SOL-USDT,2023-08-29,21.772
SOL-USDT,2023-08-30,20.807
SOL-USDT,2023-08-31,19.72
SOL-USDT,2023-09-01,19.315
SOL-USDT,2023-09-02,19.48
SOL-USDT,2023-09-03,19.555
SOL-USDT,2023-09-04,19.514
SOL-USDT,2023-09-05,20.257
SOL-USDT,2023-09-06,19.62
SOL-USDT,2023-09-07,19.9
SOL-USDT,2023-09-08,19.596
SOL-USDT,2023-09-09,19.425
SOL-USDT,2023-09-10,18.219
SOL-USDT,2023-09-11,17.715
SOL-USDT,2023-09-12,17.904
SOL-USDT,2023-09-13,18.389
SOL-USDT,2023-09-14,18.835
SOL-USDT,2023-09-15,19.136
SOL-USDT,2023-09-16,19.112
SOL-USDT,2023-09-17,18.798
SOL-USDT,2023-09-18,19.628
SOL-USDT,2023-09-19,20.019
SOL-USDT,2023-09-20,20.278
SOL-USDT,2023-09-21,19.442
SOL-USDT,2023-09-22,19.417
SOL-USDT,2023-09-23,19.472
SOL-USDT,2023-09-24,19.351
SOL-USDT,2023-09-25,19.381
SOL-USDT,2023-09-26,19.016
SOL-USDT,2023-09-27,19.12
SOL-USDT,2023-09-28,19.948
SOL-USDT,2023-09-29,20.26
SOL-USDT,2023-09-30,21.348
SOL-USDT,2023-10-01,23.873
SOL-USDT,2023-10-02,23.366
SOL-USDT,2023-10-03,23.594
SOL-USDT,2023-10-04,23.106
SOL-USDT,2023-10-05,22.682
SOL-USDT,2023-10-06,23.391
SOL-USDT,2023-10-07,23.279
SOL-USDT,2023-10-08,23.204
SOL-USDT,2023-10-09,22.077
SOL-USDT,2023-10-10,22.107
SOL-USDT,2023-10-11,21.998
SOL-USDT,2023-10-12,21.274
SOL-USDT,2023-10-13,21.829
SOL-USDT,2023-10-14,21.983
SOL-USDT,2023-10-15,21.918
SOL-USDT,2023-10-16,23.939
SOL-USDT,2023-10-17,23.93
SOL-USDT,2023-10-18,23.408
SOL-USDT,2023-10-19,24.91
SOL-USDT,2023-10-20,27.01
SOL-USDT,2023-10-21,29.312
SOL-USDT,2023-10-22,29.031
SOL-USDT,2023-10-23,31.902
SOL-USDT,2023-10-24,30.157
SOL-USDT,2023-10-25,32.446
SOL-USDT,2023-10-26,32.77
SOL-USDT,2023-10-27,31.739
SOL-USDT,2023-10-28,31.614
SOL-USDT,2023-10-29,32.826
SOL-USDT,2023-10-30,34.958
SOL-USDT,2023-10-31,38.372
SOL-USDT,2023-11-01,41.204
SOL-USDT,2023-11-02,40.251
SOL-USDT,2023-11-03,39.497
SOL-USDT,2023-11-04,42.422
SOL-USDT,2023-11-05,41.167
SOL-USDT,2023-11-06,42.181
SOL-USDT,2023-11-07,42.976
SOL-USDT,2023-11-08,43.142
SOL-USDT,2023-11-09,45.305
SOL-USDT,2023-11-10,56.679
SOL-USDT,2023-11-11,56.409
SOL-USDT,2023-11-12,56.315
SOL-USDT,2023-11-13,51.662
SOL-USDT,2023-11-14,56.849
SOL-USDT,2023-11-15,65.506
SOL-USDT,2023-11-16,57.842
SOL-USDT,2023-11-17,58.49
SOL-USDT,2023-11-18,58.581
SOL-USDT,2023-11-19,61.099
SOL-USDT,2023-11-20,56.603
SOL-USDT,2023-11-21,51.682
SOL-USDT,2023-11-22,57.579
SOL-USDT,2023-11-23,56.537
SOL-USDT,2023-11-24,56.869
SOL-USDT,2023-11-25,58.83
SOL-USDT,2023-11-26,57.593
SOL-USDT,2023-11-27,55.03
SOL-USDT,2023-11-28,58.183
SOL-USDT,2023-11-29,59.324
SOL-USDT,2023-11-30,59.309
SOL-USDT,2023-12-01,59.75
SOL-USDT,2023-12-02,63.684
SOL-USDT,2023-12-03,63.015
SOL-USDT,2023-12-04,61.671
SOL-USDT,2023-12-05,61.061
SOL-USDT,2023-12-06,61.878
SOL-USDT,2023-12-07,67.806
SOL-USDT,2023-12-08,74.98
SOL-USDT,2023-12-09,72.368
SOL-USDT,2023-12-10,74.907
SOL-USDT,2023-12-11,70.286
SOL-USDT,2023-12-12,68.644
SOL-USDT,2023-12-13,70.668
SOL-USDT,2023-12-14,75.751
SOL-USDT,2023-12-15,72.552
SOL-USDT,2023-12-16,73.737
SOL-USDT,2023-12-17,70.902
SOL-USDT,2023-12-18,74.429
SOL-USDT,2023-12-19,73.04
SOL-USDT,2023-12-20,82.243
SOL-USDT,2023-12-21,93.927
SOL-USDT,2023-12-22,97.962
SOL-USDT,2023-12-23,107.965
SOL-USDT,2023-12-24,112.571
SOL-USDT,2023-12-25,120.942
SOL-USDT,2023-12-26,112.543
SOL-USDT,2023-12-27,107.095
SOL-USDT,2023-12-28,101.913
SOL-USDT,2023-12-29,106.225
SOL-USDT,2023-12-30,101.971
SOL-USDT,2023-12-31,101.778
SOL-USDT,2024-01-01,110.047
SOL-USDT,2024-01-02,106.83
SOL-USDT,2024-01-03,98.519
SOL-USDT,2024-01-04,104.975
SOL-USDT,2024-01-05,99.874
SOL-USDT,2024-01-06,93.799
SOL-USDT,2024-01-07,89.414
SOL-USDT,2024-01-08,97.901
SOL-USDT,2024-01-09,99.347
SOL-USDT,2024-01-10,102.063
SOL-USDT,2024-01-11,99.928
SOL-USDT,2024-01-12,92.153
SOL-USDT,2024-01-13,95.836
SOL-USDT,2024-01-14,93.83
SOL-USDT,2024-01-15,94.359
SOL-USDT,2024-01-16,97.637
SOL-USDT,2024-01-17,102.155
SOL-USDT,2024-01-18,94.389
SOL-USDT,2024-01-19,93.596
SOL-USDT,2024-01-20,92.9
SOL-USDT,2024-01-21,91.105
SOL-USDT,2024-01-22,83.883
SOL-USDT,2024-01-23,84.325
SOL-USDT,2024-01-24,88.744
SOL-USDT,2024-01-25,86.886
SOL-USDT,2024-01-26,92.261
SOL-USDT,2024-01-27,94.238
SOL-USDT,2024-01-28,95.948
SOL-USDT,2024-01-29,101.623
SOL-USDT,2024-01-30,101.371
SOL-USDT,2024-01-31,96.912
SOL-USDT,2024-02-01,97.775
SOL-USDT,2024-02-02,100.559
SOL-USDT,2024-02-03,97.915
SOL-USDT,2024-02-04,95.451
SOL-USDT,2024-02-05,95.605
SOL-USDT,2024-02-06,96.856
SOL-USDT,2024-02-07,101.135
SOL-USDT,2024-02-08,102.742
SOL-USDT,2024-02-09,106.921
SOL-USDT,2024-02-10,108.976
SOL-USDT,2024-02-11,107.471
SOL-USDT,2024-02-12,111.737
SOL-USDT,2024-02-13,112.539
SOL-USDT,2024-02-14,117.092
SOL-USDT,2024-02-15,113.598
SOL-USDT,2024-02-16,110.392
SOL-USDT,2024-02-17,109.008
SOL-USDT,2024-02-18,112.345
SOL-USDT,2024-02-19,111.658
SOL-USDT,2024-02-20,108.418
SOL-USDT,2024-02-21,105.113
SOL-USDT,2024-02-22,101.805
SOL-USDT,2024-02-23,99.973
SOL-USDT,2024-02-24,104.114
SOL-USDT,2024-02-25,103.569
SOL-USDT,2024-02-26,110.034
SOL-USDT,2024-02-27,108.45
SOL-USDT,2024-02-28,119.425
SOL-USDT,2024-02-29,125.769
SOL-USDT,2024-03-01,129.456
SOL-USDT,2024-03-02,130.184
SOL-USDT,2024-03-03,130.304
SOL-USDT,2024-03-04,133.45
SOL-USDT,2024-03-05,125.358
SOL-USDT,2024-03-06,130.916
SOL-USDT,2024-03-07,143.997
SOL-USDT,2024-03-08,144.879
SOL-USDT,2024-03-09,144.424
SOL-USDT,2024-03-10,144.497
SOL-USDT,2024-03-11,149.062
SOL-USDT,2024-03-12,151.201
SOL-USDT,2024-03-13,164.055
SOL-USDT,2024-03-14,176.851
SOL-USDT,2024-03-15,184.155
SOL-USDT,2024-03-16,182.184
SOL-USDT,2024-03-17,201.962
SOL-USDT,2024-03-18,196.143
SOL-USDT,2024-03-19,169.917
SOL-USDT,2024-03-20,191.916
SOL-USDT,2024-03-21,179.535
SOL-USDT,2024-03-22,175.257
SOL-USDT,2024-03-23,172.725
SOL-USDT,2024-03-24,184.019
SOL-USDT,2024-03-25,189.181
SOL-USDT,2024-03-26,190.623
SOL-USDT,2024-03-27,186.448
SOL-USDT,2024-03-28,189.852
SOL-USDT,2024-03-29,192.2
SOL-USDT,2024-03-30,194.351
SOL-USDT,2024-03-31,202.678
SOL-USDT,2024-04-01,192.355
SOL-USDT,2024-04-02,181.679
SOL-USDT,2024-04-03,185.173
SOL-USDT,2024-04-04,184.123
SOL-USDT,2024-04-05,174.45
SOL-USDT,2024-04-06,178.768
SOL-USDT,2024-04-07,179.615
SOL-USDT,2024-04-08,180.822
SOL-USDT,2024-04-09,172.558
SOL-USDT,2024-04-10,173.438
SOL-USDT,2024-04-11,172.497
SOL-USDT,2024-04-12,153.162
SOL-USDT,2024-04-13,138.467
SOL-USDT,2024-04-14,151.187
SOL-USDT,2024-04-15,138.442
SOL-USDT,2024-04-16,136.183
SOL-USDT,2024-04-17,131.781
SOL-USDT,2024-04-18,141.957
SOL-USDT,2024-04-19,142.444
SOL-USDT,2024-04-20,151.155
SOL-USDT,2024-04-21,148.734
SOL-USDT,2024-04-22,156.881
SOL-USDT,2024-04-23,154.723
SOL-USDT,2024-04-24,147.701
SOL-USDT,2024-04-25,144.786
SOL-USDT,2024-04-26,139.202
SOL-USDT,2024-04-27,141.242
SOL-USDT,2024-04-28,137.922
SOL-USDT,2024-04-29,137.725
SOL-USDT,2024-04-30,126.685
SOL-USDT,2024-05-01,134.541
SOL-USDT,2024-05-02,137.538
SOL-USDT,2024-05-03,143.607
SOL-USDT,2024-05-04,146.007
SOL-USDT,2024-05-05,145.673
SOL-USDT,2024-05-06,152.784
SOL-USDT,2024-05-07,148.011
SOL-USDT,2024-05-08,142.118
SOL-USDT,2024-05-09,152.459
SOL-USDT,2024-05-10,145.966
SOL-USDT,2024-05-11,145.355
SOL-USDT,2024-05-12,143.364
SOL-USDT,2024-05-13,147.496
SOL-USDT,2024-05-14,141.963
SOL-USDT,2024-05-15,158.423
SOL-USDT,2024-05-16,159.303
SOL-USDT,2024-05-17,169.351
SOL-USDT,2024-05-18,172.299
SOL-USDT,2024-05-19,169.853
SOL-USDT,2024-05-20,186.701
SOL-USDT,2024-05-21,178.15
SOL-USDT,2024-05-22,177.03
SOL-USDT,2024-05-23,176.182
SOL-USDT,2024-05-24,167.657
SOL-USDT,2024-05-25,168.356
SOL-USDT,2024-05-26,163.505
SOL-USDT,2024-05-27,170.249
SOL-USDT,2024-05-28,168.807
SOL-USDT,2024-05-29,168.418
SOL-USDT,2024-05-30,166.986
SOL-USDT,2024-05-31,165.762
SOL-USDT,2024-06-01,166.281
SOL-USDT,2024-06-02,163.251
SOL-USDT,2024-06-03,164.995
SOL-USDT,2024-06-04,171.888
SOL-USDT,2024-06-05,173.668
SOL-USDT,2024-06-06,170.271
SOL-USDT,2024-06-07,162.524
SOL-USDT,2024-06-08,157.838
SOL-USDT,2024-06-09,162.116
SOL-USDT,2024-06-10,159.096
SOL-USDT,2024-06-11,149.245
SOL-USDT,2024-06-12,155.173
SOL-USDT,2024-06-13,147.209
SOL-USDT,2024-06-14,142.974
SOL-USDT,2024-06-15,145.45
SOL-USDT,2024-06-16,151.245
SOL-USDT,2024-06-17,143.197
SOL-USDT,2024-06-18,137.359
SOL-USDT,2024-06-19,135.557
SOL-USDT,2024-06-20,133.5
SOL-USDT,2024-06-21,134.534
SOL-USDT,2024-06-22,133.627
SOL-USDT,2024-06-23,128.661
SOL-USDT,2024-06-24,132.237
SOL-USDT,2024-06-25,136.544
SOL-USDT,2024-06-26,136.808
SOL-USDT,2024-06-27,149.651
SOL-USDT,2024-06-28,139.98
SOL-USDT,2024-06-29,140.234
SOL-USDT,2024-06-30,146.582
SOL-USDT,2024-07-01,146.625
SOL-USDT,2024-07-02,153.97
SOL-USDT,2024-07-03,140.737
SOL-USDT,2024-07-04,127.76
SOL-USDT,2024-07-05,134.23
SOL-USDT,2024-07-06,142.996
SOL-USDT,2024-07-07,131.599
SOL-USDT,2024-07-08,139.74
SOL-USDT,2024-07-09,141.391
SOL-USDT,2024-07-10,141.927
SOL-USDT,2024-07-11,135.702
SOL-USDT,2024-07-12,139.379
SOL-USDT,2024-07-13,141.811
SOL-USDT,2024-07-14,147.575
SOL-USDT,2024-07-15,159.294
SOL-USDT,2024-07-16,160.592
SOL-USDT,2024-07-17,155.467
SOL-USDT,2024-07-18,159.146
SOL-USDT,2024-07-19,169.064
SOL-USDT,2024-07-20,173.532
SOL-USDT,2024-07-21,184.473
SOL-USDT,2024-07-22,178.823
SOL-USDT,2024-07-23,172.912
SOL-USDT,2024-07-24,177.983
SOL-USDT,2024-07-25,171.759
SOL-USDT,2024-07-26,182.991
SOL-USDT,2024-07-27,183.903
SOL-USDT,2024-07-28,184.808
SOL-USDT,2024-07-29,182.509
SOL-USDT,2024-07-30,179.072
SOL-USDT,2024-07-31,171.632
SOL-USDT,2024-08-01,167.294
SOL-USDT,2024-08-02,152.711
SOL-USDT,2024-08-03,142.456
SOL-USDT,2024-08-04,138.291
SOL-USDT,2024-08-05,129.768
SOL-USDT,2024-08-06,144.328
SOL-USDT,2024-08-07,144.736
SOL-USDT,2024-08-08,163.069
SOL-USDT,2024-08-09,156.188
SOL-USDT,2024-08-10,153.932
SOL-USDT,2024-08-11,141.492
SOL-USDT,2024-08-12,146.241
SOL-USDT,2024-08-13,146.565
SOL-USDT,2024-08-14,143.644
SOL-USDT,2024-08-15,142.538
SOL-USDT,2024-08-16,138.986
SOL-USDT,2024-08-17,141.83
SOL-USDT,2024-08-18,142.354
SOL-USDT,2024-08-19,144.201
SOL-USDT,2024-08-20,142.21
SOL-USDT,2024-08-21,142.726
SOL-USDT,2024-08-22,143.159
SOL-USDT,2024-08-23,153.228
SOL-USDT,2024-08-24,160.558
SOL-USDT,2024-08-25,158.88
SOL-USDT,2024-08-26,157.052
SOL-USDT,2024-08-27,146.727
SOL-USDT,2024-08-28,143.892
SOL-USDT,2024-08-29,139.948
SOL-USDT,2024-08-30,137.921
SOL-USDT,2024-08-31,135.266
SOL-USDT,2024-09-01,128.411
SOL-USDT,2024-09-02,134.865
SOL-USDT,2024-09-03,127.506
SOL-USDT,2024-09-04,133.564
SOL-USDT,2024-09-05,129.337
SOL-USDT,2024-09-06,124.959
SOL-USDT,2024-09-07,127.656
SOL-USDT,2024-09-08,130.073
SOL-USDT,2024-09-09,135.014
SOL-USDT,2024-09-10,135.563
SOL-USDT,2024-09-11,132.346
SOL-USDT,2024-09-12,135.997
SOL-USDT,2024-09-13,138.916
SOL-USDT,2024-09-14,137.068
SOL-USDT,2024-09-15,131.319
SOL-USDT,2024-09-16,131.412
SOL-USDT,2024-09-17,131.467
SOL-USDT,2024-09-18,134.299
SOL-USDT,2024-09-19,142.82
SOL-USDT,2024-09-20,146.627
SOL-USDT,2024-09-21,149.372
SOL-USDT,2024-09-22,144.587
SOL-USDT,2024-09-23,144.691
SOL-USDT,2024-09-24,152.712
SOL-USDT,2024-09-25,147.88
SOL-USDT,2024-09-26,155.48
SOL-USDT,2024-09-27,157.591
SOL-USDT,2024-09-28,156.682
SOL-USDT,2024-09-29,158.385
SOL-USDT,2024-09-30,152.428
SOL-USDT,2024-10-01,145.071
SOL-USDT,2024-10-02,140.082
SOL-USDT,2024-10-03,136.733
SOL-USDT,2024-10-04,143.159
SOL-USDT,2024-10-05,142.538
SOL-USDT,2024-10-06,146.412
SOL-USDT,2024-10-07,143.909
SOL-USDT,2024-10-08,143.417
SOL-USDT,2024-10-09,139.266
SOL-USDT,2024-10-10,138.963
SOL-USDT,2024-10-11,145.47
SOL-USDT,2024-10-12,146.318
SOL-USDT,2024-10-13,147.645
SOL-USDT,2024-10-14,157.52
SOL-USDT,2024-10-15,154.69
SOL-USDT,2024-10-16,154.19
SOL-USDT,2024-10-17,150.45
SOL-USDT,2024-10-18,154.86
SOL-USDT,2024-10-19,159.7
SOL-USDT,2024-10-20,167.42
SOL-USDT,2024-10-21,166.13
SOL-USDT,2024-10-22,167.56
SOL-USDT,2024-10-23,170.81
SOL-USDT,2024-10-24,177.1
SOL-USDT,2024-10-25,164.8
SOL-USDT,2024-10-26,170.81
SOL-USDT,2024-10-27,176.58
SOL-USDT,2024-10-28,178.2
SOL-USDT,2024-10-29,179.4
SOL-USDT,2024-10-30,174.83
SOL-USDT,2024-10-31,168.62
SOL-USDT,2024-11-01,166.01
SOL-USDT,2024-11-02,166.09
SOL-USDT,2024-11-03,162.44
SOL-USDT,2024-11-04,157.87
SOL-USDT,2024-11-05,166.55
SOL-USDT,2024-11-06,186.61
SOL-USDT,2024-11-07,196.47
SOL-USDT,2024-11-08,199.92
SOL-USDT,2024-11-09,199.94
SOL-USDT,2024-11-10,210.29
SOL-USDT,2024-11-11,222.33
SOL-USDT,2024-11-12,211.77
SOL-USDT,2024-11-13,215.28
SOL-USDT,2024-11-14,209.65
SOL-USDT,2024-11-15,218.68
SOL-USDT,2024-11-16,215.87
SOL-USDT,2024-11-17,237.61
SOL-USDT,2024-11-18,239.96
SOL-USDT,2024-11-19,237.69
SOL-USDT,2024-11-20,235.47
SOL-USDT,2024-11-21,256.59
SOL-USDT,2024-11-22,257.1
SOL-USDT,2024-11-23,255.07
SOL-USDT,2024-11-24,252.94
SOL-USDT,2024-11-25,234.29
SOL-USDT,2024-11-26,230.73
SOL-USDT,2024-11-27,242.05
SOL-USDT,2024-11-28,237.6
SOL-USDT,2024-11-29,243.44
SOL-USDT,2024-11-30,237.73
SOL-USDT,2024-12-01,237.06
SOL-USDT,2024-12-02,225.88
SOL-USDT,2024-12-03,234.1
SOL-USDT,2024-12-04,229.32
SOL-USDT,2024-12-05,236.05
SOL-USDT,2024-12-06,237.08
SOL-USDT,2024-12-07,238.3
SOL-USDT,2024-12-08,237.24
SOL-USDT,2024-12-09,216.65
SOL-USDT,2024-12-10,213.58
SOL-USDT,2024-12-11,227.29
SOL-USDT,2024-12-12,226.88
SOL-USDT,2024-12-13,224.71
SOL-USDT,2024-12-14,219.84
SOL-USDT,2024-12-15,224.21
SOL-USDT,2024-12-16,216.08
SOL-USDT,2024-12-17,223.16
SOL-USDT,2024-12-18,206.46
SOL-USDT,2024-12-19,193.71
SOL-USDT,2024-12-20,194.28
SOL-USDT,2024-12-21,181.37
SOL-USDT,2024-12-22,180.44
SOL-USDT,2024-12-23,190.06
SOL-USDT,2024-12-24,196.99
SOL-USDT,2024-12-25,197.35
SOL-USDT,2024-12-26,188.37
SOL-USDT,2024-12-27,184.18
SOL-USDT,2024-12-28,195.39
SOL-USDT,2024-12-29,189.85
SOL-USDT,2024-12-30,191.26
SOL-USDT,2024-12-31,189.22
SOL-USDT,2025-01-01,194.22
SOL-USDT,2025-01-02,208.17
SOL-USDT,2025-01-03,217.91
SOL-USDT,2025-01-04,216.56
SOL-USDT,2025-01-05,213.3
SOL-USDT,2025-01-06,218.11
SOL-USDT,2025-01-07,202.07
SOL-USDT,2025-01-08,197.37
SOL-USDT,2025-01-09,184.88
SOL-USDT,2025-01-10,187.59
SOL-USDT,2025-01-11,187.99
SOL-USDT,2025-01-12,188.43
SOL-USDT,2025-01-13,182.78
SOL-USDT,2025-01-14,187.46
SOL-USDT,2025-01-15,205.76
SOL-USDT,2025-01-16,211.02
SOL-USDT,2025-01-17,219.46
SOL-USDT,2025-01-18,261.9
SOL-USDT,2025-01-19,252.52
SOL-USDT,2025-01-20,241.89
SOL-USDT,2025-01-21,250.26
SOL-USDT,2025-01-22,257.3
SOL-USDT,2025-01-23,253.01
SOL-USDT,2025-01-24,253.22
SOL-USDT,2025-01-25,256.32
SOL-USDT,2025-01-26,240.32
SOL-USDT,2025-01-27,234.77
SOL-USDT,2025-01-28,226.91
SOL-USDT,2025-01-29,228.04
SOL-USDT,2025-01-30,238.15
SOL-USDT,2025-01-31,231.59
SOL-USDT,2025-02-01,212.89
SOL-USDT,2025-02-02,203.42
SOL-USDT,2025-02-03,216.2
SOL-USDT,2025-02-04,206.48
SOL-USDT,2025-02-05,196.03
SOL-USDT,2025-02-06,189.45
SOL-USDT,2025-02-07,191.84
SOL-USDT,2025-02-08,199.21
SOL-USDT,2025-02-09,200.32
SOL-USDT,2025-02-10,200.32
SOL-USDT,2025-02-11,197.87
SOL-USDT,2025-02-12,196.71
SOL-USDT,2025-02-13,194.12
SOL-USDT,2025-02-14,199.31
SOL-USDT,2025-02-15,194.35
SOL-USDT,2025-02-16,188.14
SOL-USDT,2025-02-17,177.47
SOL-USDT,2025-02-18,169.21
SOL-USDT,2025-02-19,168.85
SOL-USDT,2025-02-20,175.9
SOL-USDT,2025-02-21,168.83
SOL-USDT,2025-02-22,171.98
SOL-USDT,2025-02-23,167.84
SOL-USDT,2025-02-24,141.73
SOL-USDT,2025-02-25,144.24
SOL-USDT,2025-02-26,135.27
SOL-USDT,2025-02-27,137.6
SOL-USDT,2025-02-28,148.1
SOL-USDT,2025-03-01,143.58
SOL-USDT,2025-03-02,178.64
SOL-USDT,2025-03-03,142.05
SOL-USDT,2025-03-04,144.7
SOL-USDT,2025-03-05,146.16
SOL-USDT,2025-03-06,143.22
SOL-USDT,2025-03-07,139.31
SOL-USDT,2025-03-08,136.92
SOL-USDT,2025-03-09,126.42
SOL-USDT,2025-03-10,118.26
SOL-USDT,2025-03-11,125.28
SOL-USDT,2025-03-12,126.55
SOL-USDT,2025-03-13,123.32
SOL-USDT,2025-03-14,133.49
SOL-USDT,2025-03-15,135.79
SOL-USDT,2025-03-16,126.05
SOL-USDT,2025-03-17,127.93
SOL-USDT,2025-03-18,125.25
SOL-USDT,2025-03-19,135.3
SOL-USDT,2025-03-20,127.53
SOL-USDT,2025-03-21,128.38
SOL-USDT,2025-03-22,128.44
SOL-USDT,2025-03-23,132.77
SOL-USDT,2025-03-24,140.95
SOL-USDT,2025-03-25,143.59
SOL-USDT,2025-03-26,137.26
SOL-USDT,2025-03-27,138.37
SOL-USDT,2025-03-28,129.39
SOL-USDT,2025-03-29,124.5
SOL-USDT,2025-03-30,124.73
SOL-USDT,2025-03-31,124.48
SOL-USDT,2025-04-01,126.6
SOL-USDT,2025-04-02,117.34
SOL-USDT,2025-04-03,117.08
SOL-USDT,2025-04-04,122.72
SOL-USDT,2025-04-05,120.24
SOL-USDT,2025-04-06,105.84
SOL-USDT,2025-04-07,106.91
SOL-USDT,2025-04-08,105.32
SOL-USDT,2025-04-09,119.01
SOL-USDT,2025-04-10,112.73
SOL-USDT,2025-04-11,121.33
SOL-USDT,2025-04-12,132.17
SOL-USDT,2025-04-13,128.3
SOL-USDT,2025-04-14,129.34
SOL-USDT,2025-04-15,126.05
SOL-USDT,2025-04-16,131.3
SOL-USDT,2025-04-17,134.76
SOL-USDT,2025-04-18,133.97
SOL-USDT,2025-04-19,139.77
SOL-USDT,2025-04-20,137.76
SOL-USDT,2025-04-21,136.44
SOL-USDT,2025-04-22,148.71
SOL-USDT,2025-04-23,151.05
SOL-USDT,2025-04-24,152.48
SOL-USDT,2025-04-25,150.76
SOL-USDT,2025-04-26,149.14
SOL-USDT,2025-04-27,147.91
SOL-USDT,2025-04-28,147.76
SOL-USDT,2025-04-29,146.18
SOL-USDT,2025-04-30,147.47
SOL-USDT,2025-05-01,150.73
SOL-USDT,2025-05-02,147.93
SOL-USDT,2025-05-03,146.62
SOL-USDT,2025-05-04,143.87
SOL-USDT,2025-05-05,146.66
SOL-USDT,2025-05-06,146.83
SOL-USDT,2025-05-07,147.27
SOL-USDT,2025-05-08,164.42
SOL-USDT,2025-05-09,172.74
SOL-USDT,2025-05-10,177.86
SOL-USDT,2025-05-11,173.11
SOL-USDT,2025-05-12,174.14
SOL-USDT,2025-05-13,183.7
SOL-USDT,2025-05-14,176.51
SOL-USDT,2025-05-15,169.06
SOL-USDT,2025-05-16,167.33
SOL-USDT,2025-05-17,165.87
SOL-USDT,2025-05-18,173.24
SOL-USDT,2025-05-19,166.76
SOL-USDT,2025-05-20,168.51
SOL-USDT,2025-05-21,173.5
SOL-USDT,2025-05-22,179.6
SOL-USDT,2025-05-23,173.92
SOL-USDT,2025-05-24,175.81
SOL-USDT,2025-05-25,175.65
SOL-USDT,2025-05-26,174.8
SOL-USDT,2025-05-27,176.64
SOL-USDT,2025-05-28,172.11
SOL-USDT,2025-05-29,166.62
SOL-USDT,2025-05-30,156.12
SOL-USDT,2025-05-31,156.35
SOL-USDT,2025-06-01,157.62
SOL-USDT,2025-06-02,156.74
SOL-USDT,2025-06-03,155.08
SOL-USDT,2025-06-04,153.18
SOL-USDT,2025-06-05,144.21
SOL-USDT,2025-06-06,147.76
SOL-USDT,2025-06-07,149.98
SOL-USDT,2025-06-08,152.37
SOL-USDT,2025-06-09,161.09
SOL-USDT,2025-06-10,165.06
SOL-USDT,2025-06-11,160.88
SOL-USDT,2025-06-12,152.23
SOL-USDT,2025-06-13,148.54
SOL-USDT,2025-06-14,144.55
SOL-USDT,2025-06-15,152.89
SOL-USDT,2025-06-16,150.67
SOL-USDT,2025-06-17,147.49
SOL-USDT,2025-06-18,146.28
SOL-USDT,2025-06-19,146.96
SOL-USDT,2025-06-20,140.02
SOL-USDT,2025-06-21,135.32
SOL-USDT,2025-06-22,131.64
SOL-USDT,2025-06-23,144.41
SOL-USDT,2025-06-24,145.83
SOL-USDT,2025-06-25,143.48
SOL-USDT,2025-06-26,138.98
SOL-USDT,2025-06-27,142.05
SOL-USDT,2025-06-28,150.67
SOL-USDT,2025-06-29,153.21
SOL-USDT,2025-06-30,154.73
SOL-USDT,2025-07-01,146.79
SOL-USDT,2025-07-02,152.21
SOL-USDT,2025-07-03,152.29
SOL-USDT,2025-07-04,147.6
SOL-USDT,2025-07-05,147.5
SOL-USDT,2025-07-06,151.8
SOL-USDT,2025-07-07,148.82
SOL-USDT,2025-07-08,151.59
SOL-USDT,2025-07-09,156.99
SOL-USDT,2025-07-10,164.29
SOL-USDT,2025-07-11,162.87
SOL-USDT,2025-07-12,160.63
SOL-USDT,2025-07-13,161.04
SOL-USDT,2025-07-14,162.13
SOL-USDT,2025-07-15,163.99
SOL-USDT,2025-07-16,173.64
SOL-USDT,2025-07-17,175.82
SOL-USDT,2025-07-18,177.21
SOL-USDT,2025-07-19,176.93
SOL-USDT,2025-07-20,181.42
SOL-USDT,2025-07-21,195.75
SOL-USDT,2025-07-22,205.78
SOL-USDT,2025-07-23,189.4
SOL-USDT,2025-07-24,182.8
SOL-USDT,2025-07-25,186.69
SOL-USDT,2025-07-26,184.82
SOL-USDT,2025-07-27,188.55
SOL-USDT,2025-07-28,183.03
SOL-USDT,2025-07-29,181.39
SOL-USDT,2025-07-30,177.68
SOL-USDT,2025-07-31,172.15
SOL-USDT,2025-08-01,162.61
SOL-USDT,2025-08-02,158.4
SOL-USDT,2025-08-03,161.84
SOL-USDT,2025-08-04,169.46
SOL-USDT,2025-08-05,163.99
SOL-USDT,2025-08-06,168.03
SOL-USDT,2025-08-07,175.26
SOL-USDT,2025-08-08,176.7
SOL-USDT,2025-08-09,179.85
SOL-USDT,2025-08-10,182.59
SOL-USDT,2025-08-11,174.75
SOL-USDT,2025-08-12,191.76
SOL-USDT,2025-08-13,201.58
SOL-USDT,2025-08-14,192.39
SOL-USDT,2025-08-15,185.62
SOL-USDT,2025-08-16,189.52
SOL-USDT,2025-08-17,190.92
SOL-USDT,2025-08-18,182.84
SOL-USDT,2025-08-19,176.13
SOL-USDT,2025-08-20,187.9
SOL-USDT,2025-08-21,180.25
SOL-USDT,2025-08-22,200.68
SOL-USDT,2025-08-23,204.21
SOL-USDT,2025-08-24,206.09
SOL-USDT,2025-08-25,187.09
SOL-USDT,2025-08-26,195.77
SOL-USDT,2025-08-27,202.94
SOL-USDT,2025-08-28,214.29
SOL-USDT,2025-08-29,204.98
SOL-USDT,2025-08-30,202.59
SOL-USDT,2025-08-31,200.57
SOL-USDT,2025-09-01,197.22
SOL-USDT,2025-09-02,209.54
SOL-USDT,2025-09-03,210.65
SOL-USDT,2025-09-04,202.23
SOL-USDT,2025-09-05,203.3
SOL-USDT,2025-09-06,200.06
SOL-USDT,2025-09-07,206.29
SOL-USDT,2025-09-08,214.02
SOL-USDT,2025-09-09,217.11
SOL-USDT,2025-09-10,223.94
SOL-USDT,2025-09-11,228.62
SOL-USDT,2025-09-12,242.07
SOL-USDT,2025-09-13,242.25
SOL-USDT,2025-09-14,239.63
SOL-USDT,2025-09-15,234.18
SOL-USDT,2025-09-16,236.86
SOL-USDT,2025-09-17,244.75
SOL-USDT,2025-09-18,247.34
SOL-USDT,2025-09-19,238.4
SOL-USDT,2025-09-20,239.38
SOL-USDT,2025-09-21,236.05
SOL-USDT,2025-09-22,220.28
SOL-USDT,2025-09-23,213.18
SOL-USDT,2025-09-24,211.45
SOL-USDT,2025-09-25,192.6
SOL-USDT,2025-09-26,205.01
SOL-USDT,2025-09-27,203.32
SOL-USDT,2025-09-28,210.7
SOL-USDT,2025-09-29,212.59
SOL-USDT,2025-09-30,208.6
SOL-USDT,2025-10-01,221.91
SOL-USDT,2025-10-02,234.6
SOL-USDT,2025-10-03,232.74
SOL-USDT,2025-10-04,227.72
SOL-USDT,2025-10-05,228.45
SOL-USDT,2025-10-06,232.27
SOL-USDT,2025-10-07,219.84
SOL-USDT,2025-10-08,228.95
SOL-USDT,2025-10-09,220.8
SOL-USDT,2025-10-10,187.65
SOL-USDT,2025-10-11,177.22
SOL-USDT,2025-10-12,196.88
SOL-USDT,2025-10-13,208.57
SOL-USDT,2025-10-14,202.34
SOL-USDT,2025-10-15,193.73
SOL-USDT,2025-10-16,184.76
SOL-USDT,2025-10-17,181.89
SOL-USDT,2025-10-18,187.47
SOL-USDT,2025-10-19,187.78
SOL-USDT,2025-10-20,189.63
SOL-USDT,2025-10-21,185.54
SOL-USDT,2025-10-22,180.01
SOL-USDT,2025-10-23,191.27
SOL-USDT,2025-10-24,193.5
SOL-USDT,2025-10-25,193.72
SOL-USDT,2025-10-26,199.93
SOL-USDT,2025-10-27,198.61
SOL-USDT,2025-10-28,194.05
SOL-USDT,2025-10-29,193.81
SOL-USDT,2025-10-30,184.55
SOL-USDT,2025-10-31,187.13
SOL-USDT,2025-11-01,186.29
SOL-USDT,2025-11-02,187.65
SOL-USDT,2025-11-03,165.95
SOL-USDT,2025-11-04,154.94
SOL-USDT,2025-11-05,162.28
SOL-USDT,2025-11-06,155.2
SOL-USDT,2025-11-07,161.72
SOL-USDT,2025-11-08,157.94
SOL-USDT,2025-11-09,164.45
SOL-USDT,2025-11-10,167.24
SOL-USDT,2025-11-11,154.5
SOL-USDT,2025-11-12,153.32
SOL-USDT,2025-11-13,144.62
SOL-USDT,2025-11-14,138.83
SOL-USDT,2025-11-15,139.55
SOL-USDT,2025-11-16,137.12
SOL-USDT,2025-11-17,130.9
SOL-USDT,2025-11-18,140.61
SOL-USDT,2025-11-19,136.96
SOL-USDT,2025-11-20,133.6
SOL-USDT,2025-11-21,128.61
SOL-USDT,2025-11-22,127.5
SOL-USDT,2025-11-23,130.51
SOL-USDT,2025-11-24,138.38
SOL-USDT,2025-11-25,138.9
SOL-USDT,2025-11-26,142.95
SOL-USDT,2025-11-27,140.77
SOL-USDT,2025-11-28,137.28
SOL-USDT,2025-11-29,135.84
SOL-USDT,2025-11-30,133.38
SOL-USDT,2025-12-01,126.57
SOL-USDT,2025-12-02,138.65
SOL-USDT,2025-12-03,144.62
SOL-USDT,2025-12-04,138.96
SOL-USDT,2025-12-05,133.22
SOL-USDT,2025-12-06,132.14
SOL-USDT,2025-12-07,132.16
SOL-USDT,2025-12-08,133.19
SOL-USDT,2025-12-09,137.82
SOL-USDT,2025-12-10,136.18
SOL-USDT,2025-12-11,136.36
SOL-USDT,2025-12-12,132.19
SOL-USDT,2025-12-13,133.04
SOL-USDT,2025-12-14,129.31
SOL-USDT,2025-12-15,127.73
SOL-USDT,2025-12-16,129.09
SOL-USDT,2025-12-17,123.17
SOL-USDT,2025-12-18,119.54
SOL-USDT,2025-12-19,126.22
SOL-USDT,2025-12-20,125.74
SOL-USDT,2025-12-21,125.96
SOL-USDT,2025-12-22,125.87
SOL-USDT,2025-12-23,123.95
SOL-USDT,2025-12-24,122.49
SOL-USDT,2025-12-25,119.95
SOL-USDT,2025-12-26,122.22
SOL-USDT,2025-12-27,124.67
SOL-USDT,2025-12-28,125.21
SOL-USDT,2025-12-29,123.19
SOL-USDT,2025-12-30,124.92
SOL-USDT,2025-12-31,124.59
SOL-USDT,2026-01-01,126.83
SOL-USDT,2026-01-02,132.24
SOL-USDT,2026-01-03,133.31
SOL-USDT,2026-01-04,134.04
SOL-USDT,2026-01-05,137.84
SOL-USDT,2026-01-06,141.03
SOL-USDT,2026-01-07,136.32
SOL-USDT,2026-01-08,138.3
SOL-USDT,2026-01-09,135.88
SOL-USDT,2026-01-10,135.78
SOL-USDT,2026-01-11,139.65
SOL-USDT,2026-01-12,139.13
SOL-USDT,2026-01-13,145.48
SOL-USDT,2026-01-14,146.61
SOL-USDT,2026-01-15,142.32
SOL-USDT,2026-01-16,144.37
